,city,date,committee,doc_format,url,doc_type
0,Santa Clara,11/7/2019,Historical & Landmarks Commission,pdf,https://santaclara.legistar.com/View.ashx?M=A&ID=642861&GUID=0CDAFFA8-4F87-4185-8063-01745D90F270,Agenda
1,Santa Clara,10/29/2019,Council and Authorities Concurrent Meeting,pdf,https://santaclara.legistar.com/View.ashx?M=A&ID=640668&GUID=E9E24C3B-6C51-4F06-9434-67855363A001,Agenda
2,Santa Clara,10/28/2019,Bicycle & Pedestrian Advisory Committee,pdf,https://santaclara.legistar.com/View.ashx?M=A&ID=715542&GUID=035D68CD-3828-49D7-B6BC-C1414E46CEEF,Agenda
3,Santa Clara,10/28/2019,Senior Advisory Commission,pdf,https://santaclara.legistar.com/View.ashx?M=A&ID=695505&GUID=41525080-7130-46C7-B934-2D3928A6BF25,Agenda
4,Santa Clara,10/24/2019,Governance and Ethics Committee,pdf,https://santaclara.legistar.com/View.ashx?M=A&ID=719961&GUID=6B44FFB7-DD70-4AC1-8060-0D19E0A0A28C,Agenda
5,Santa Clara,10/23/2019,Planning Commission,pdf,https://santaclara.legistar.com/View.ashx?M=A&ID=644897&GUID=EE689F88-4575-4D65-91DE-9584E0BB45A5,Agenda
6,Santa Clara,10/22/2019,Council and Authorities Concurrent Meeting,pdf,https://santaclara.legistar.com/View.ashx?M=A&ID=715242&GUID=E6D6A9ED-D613-40E5-B253-2AE41F36AB43,Agenda
7,Santa Clara,10/22/2019,Council and Authorities Concurrent Meeting,pdf,https://santaclara.legistar.com/View.ashx?M=A&ID=732592&GUID=24C61F03-A283-45B7-804C-97F2027C29AD,Agenda
8,Santa Clara,10/17/2019,Charter Review Committee,pdf,https://santaclara.legistar.com/View.ashx?M=A&ID=712913&GUID=B0D169F5-977C-4313-AEE7-3FCBA8961797,Agenda
9,Santa Clara,10/15/2019,Parks & Recreation Commission,pdf,https://santaclara.legistar.com/View.ashx?M=A&ID=695504&GUID=D86B7BFA-5FEC-4089-952E-8B6CA2037D44,Agenda
10,Santa Clara,10/15/2019,Board of Library Trustees,pdf,https://santaclara.legistar.com/View.ashx?M=A&ID=725358&GUID=44C39817-F5AF-41E8-90B3-6E74CC882D54,Agenda
11,Santa Clara,10/10/2019,ADA Committee,pdf,https://santaclara.legistar.com/View.ashx?M=A&ID=723455&GUID=8B5747C5-EFE6-47AA-AEE1-CC884083BD02,Agenda
12,Santa Clara,10/9/2019,Planning Commission,pdf,https://santaclara.legistar.com/View.ashx?M=A&ID=644893&GUID=9CAE5C09-A244-4E6F-B225-B962FF162F26,Agenda
13,Santa Clara,10/8/2019,Youth Commission,pdf,https://santaclara.legistar.com/View.ashx?M=A&ID=695501&GUID=CD40F1DB-2A5F-4D83-B230-6A8F73240367,Agenda
14,Santa Clara,10/8/2019,Council and Authorities Concurrent Meeting,pdf,https://santaclara.legistar.com/View.ashx?M=A&ID=640667&GUID=B9868B08-B5C9-4E41-9BB8-A7E703B0AC84,Agenda
15,Santa Clara,10/7/2019,Cultural Commission,pdf,https://santaclara.legistar.com/View.ashx?M=A&ID=695500&GUID=918BDB1B-2AA7-4C6B-956D-86F7ED516BC8,Agenda
16,Santa Clara,10/7/2019,Board of Library Trustees,pdf,https://santaclara.legistar.com/View.ashx?M=A&ID=646220&GUID=3A88A621-7BE9-4D10-9DC8-9700DF9DCEC5,Agenda
17,Santa Clara,10/3/2019,Historical & Landmarks Commission,pdf,https://santaclara.legistar.com/View.ashx?M=A&ID=642859&GUID=A86743FD-F719-4845-9A54-F006936ED6C3,Agenda
18,Santa Clara,10/2/2019,City-School Liaison Committee,pdf,https://santaclara.legistar.com/View.ashx?M=A&ID=723119&GUID=2300163B-8E1F-46B8-A039-E0006B434820,Agenda
19,Santa Clara,9/26/2019,Charter Review Committee,pdf,https://santaclara.legistar.com/View.ashx?M=A&ID=712914&GUID=3344C789-8D8F-4E44-8F5C-AE24D65A9B63,Agenda
20,Santa Clara,9/25/2019,Planning Commission,pdf,https://santaclara.legistar.com/View.ashx?M=A&ID=644892&GUID=D3FBC5DC-230C-47FD-B1F4-CE59A327F909,Agenda
21,Santa Clara,9/24/2019,Council and Authorities Concurrent Meeting,pdf,https://santaclara.legistar.com/View.ashx?M=A&ID=640666&GUID=618AD338-1CBA-4CB3-8C9B-B2D504375682,Agenda
22,Santa Clara,9/23/2019,Senior Advisory Commission,pdf,https://santaclara.legistar.com/View.ashx?M=A&ID=695485&GUID=14843FD5-A715-4573-B722-3D2BD2F04AE4,Agenda
23,Santa Clara,9/21/2019,Charter Review Committee,pdf,https://santaclara.legistar.com/View.ashx?M=A&ID=712912&GUID=493AB2F1-7E34-47DB-A074-D69DC881813B,Agenda
24,Santa Clara,9/18/2019,"Economic Development, Communications, and Marketing Committee",pdf,https://santaclara.legistar.com/View.ashx?M=A&ID=680245&GUID=D8A6D26C-28C2-4A02-846A-C51E004C43D8,Agenda
25,Santa Clara,9/17/2019,Parks & Recreation Commission,pdf,https://santaclara.legistar.com/View.ashx?M=A&ID=695484&GUID=789C58D0-94AE-4022-89A1-0F793F262FF1,Agenda
26,Santa Clara,9/17/2019,Council and Authorities Concurrent Meeting,pdf,https://santaclara.legistar.com/View.ashx?M=A&ID=640665&GUID=A07F37CE-C20E-4590-9948-CBA721645F16,Agenda
27,Santa Clara,9/16/2019,Civil Service Commission,pdf,https://santaclara.legistar.com/View.ashx?M=A&ID=656836&GUID=B0C93102-89FB-4009-B3A6-3599FDFE576C,Agenda
28,Santa Clara,9/11/2019,Planning Commission,pdf,https://santaclara.legistar.com/View.ashx?M=A&ID=644890&GUID=7D12D5B5-05DD-4364-9998-53B0A4859879,Agenda
29,Santa Clara,9/10/2019,Youth Commission,pdf,https://santaclara.legistar.com/View.ashx?M=A&ID=693514&GUID=61A7F3CF-B1AF-4118-89A8-8AEE8F2A6B94,Agenda
30,Santa Clara,9/10/2019,Audit Committee,pdf,https://santaclara.legistar.com/View.ashx?M=A&ID=711447&GUID=10EF3A7E-FC16-460A-B823-4F0950FAD37C,Agenda
31,Santa Clara,9/6/2019,Board of Library Trustees,pdf,https://santaclara.legistar.com/View.ashx?M=A&ID=717848&GUID=830C3516-D428-4A07-B8E5-A9E2310590A8,Agenda
32,Santa Clara,9/5/2019,Historical & Landmarks Commission,pdf,https://santaclara.legistar.com/View.ashx?M=A&ID=642858&GUID=63B0BA16-7678-4CDA-A1C3-07436866E316,Agenda
33,Santa Clara,9/5/2019,Bicycle & Pedestrian Advisory Committee,pdf,https://santaclara.legistar.com/View.ashx?M=A&ID=715541&GUID=DF598176-A040-4B31-B83F-957B2EC3A022,Agenda
34,Santa Clara,9/5/2019,Council and Authorities Concurrent Meeting,pdf,https://santaclara.legistar.com/View.ashx?M=A&ID=718070&GUID=77D2781D-A535-4BDF-BCC3-893565945062,Agenda
35,Santa Clara,9/4/2019,Council and Authorities Concurrent Meeting,pdf,https://santaclara.legistar.com/View.ashx?M=A&ID=711175&GUID=BFBDEE92-54B2-4852-BE4A-5AFD94196657,Agenda
36,Santa Clara,9/4/2019,Council and Authorities Concurrent Meeting,pdf,https://santaclara.legistar.com/View.ashx?M=M&ID=711175&GUID=BFBDEE92-54B2-4852-BE4A-5AFD94196657,Minutes
37,Santa Clara,9/2/2019,"Economic Development, Communications, and Marketing Committee",pdf,https://santaclara.legistar.com/View.ashx?M=A&ID=718399&GUID=E154E39D-C603-4124-9325-B0C4DC3B4DC7,Agenda
38,Santa Clara,8/28/2019,Planning Commission,pdf,https://santaclara.legistar.com/View.ashx?M=A&ID=644889&GUID=5DC189D7-ADB7-4C22-B1AC-5EEB150F399C,Agenda
39,Santa Clara,8/28/2019,Planning Commission,pdf,https://santaclara.legistar.com/View.ashx?M=M&ID=644889&GUID=5DC189D7-ADB7-4C22-B1AC-5EEB150F399C,Minutes
40,Santa Clara,8/27/2019,Council and Authorities Concurrent Meeting,pdf,https://santaclara.legistar.com/View.ashx?M=A&ID=640664&GUID=A41ADB7E-C67A-43C3-9C11-F9E111A69C5D,Agenda
41,Santa Clara,8/27/2019,Council and Authorities Concurrent Meeting,pdf,https://santaclara.legistar.com/View.ashx?M=M&ID=640664&GUID=A41ADB7E-C67A-43C3-9C11-F9E111A69C5D,Minutes
42,Santa Clara,8/26/2019,Council and Authorities Concurrent Meeting,pdf,https://santaclara.legistar.com/View.ashx?M=A&ID=715999&GUID=346D9D19-4806-4E24-8B35-52EF50F5F30A,Agenda
43,Santa Clara,8/26/2019,Council and Authorities Concurrent Meeting,pdf,https://santaclara.legistar.com/View.ashx?M=M&ID=715999&GUID=346D9D19-4806-4E24-8B35-52EF50F5F30A,Minutes
44,Santa Clara,8/26/2019,Bicycle & Pedestrian Advisory Committee,pdf,https://santaclara.legistar.com/View.ashx?M=A&ID=712877&GUID=7CDCC08D-E9DA-4D8A-977C-7A7D093CB69A,Agenda
45,Santa Clara,8/26/2019,Senior Advisory Commission,pdf,https://santaclara.legistar.com/View.ashx?M=A&ID=693518&GUID=87BD90BC-EC86-4E7E-A07B-0F90EBDCAE27,Agenda
46,Santa Clara,8/26/2019,Senior Advisory Commission,pdf,https://santaclara.legistar.com/View.ashx?M=M&ID=693518&GUID=87BD90BC-EC86-4E7E-A07B-0F90EBDCAE27,Minutes
47,Santa Clara,8/20/2019,Parks & Recreation Commission,pdf,https://santaclara.legistar.com/View.ashx?M=A&ID=693517&GUID=0C3B6C02-B52D-47D5-A97C-B1E00AEA48BE,Agenda
48,Santa Clara,8/20/2019,Parks & Recreation Commission,pdf,https://santaclara.legistar.com/View.ashx?M=M&ID=693517&GUID=0C3B6C02-B52D-47D5-A97C-B1E00AEA48BE,Minutes
49,Santa Clara,8/20/2019,Council and Authorities Concurrent Meeting,pdf,https://santaclara.legistar.com/View.ashx?M=A&ID=640662&GUID=9AB46275-2DB6-479D-91D8-8D92978EBEB5,Agenda
50,Santa Clara,8/20/2019,Council and Authorities Concurrent Meeting,pdf,https://santaclara.legistar.com/View.ashx?M=M&ID=640662&GUID=9AB46275-2DB6-479D-91D8-8D92978EBEB5,Minutes
51,Santa Clara,8/15/2019,Charter Review Committee,pdf,https://santaclara.legistar.com/View.ashx?M=A&ID=712910&GUID=B85B6910-9FA1-49A5-AF45-46001263A794,Agenda
52,Santa Clara,8/14/2019,Planning Commission,pdf,https://santaclara.legistar.com/View.ashx?M=A&ID=644888&GUID=B0FCADC4-244D-4BB1-9312-171229EDF29D,Agenda
53,Santa Clara,8/14/2019,Planning Commission,pdf,https://santaclara.legistar.com/View.ashx?M=M&ID=644888&GUID=B0FCADC4-244D-4BB1-9312-171229EDF29D,Minutes
54,Santa Clara,8/12/2019,Cultural Commission,pdf,https://santaclara.legistar.com/View.ashx?M=A&ID=711420&GUID=234A0448-612C-43F9-9B9E-5D10A9615934,Agenda
55,Santa Clara,8/7/2019,City-School Liaison Committee,pdf,https://santaclara.legistar.com/View.ashx?M=A&ID=713947&GUID=FA86CDF3-FE55-4C61-8396-AB2A2354B294,Agenda
56,Santa Clara,8/5/2019,Cultural Commission,pdf,https://santaclara.legistar.com/View.ashx?M=A&ID=693513&GUID=B3A9593D-F335-476F-9E45-CB5157B95D85,Agenda
57,Santa Clara,8/5/2019,Board of Library Trustees,pdf,https://santaclara.legistar.com/View.ashx?M=A&ID=646219&GUID=55428761-B0AE-4AE8-B461-0D2D78A33763,Agenda
58,Santa Clara,8/1/2019,Historical & Landmarks Commission,pdf,https://santaclara.legistar.com/View.ashx?M=A&ID=642857&GUID=F1E08426-00BF-43E9-A6C1-9F83F934C51B,Agenda
59,Santa Clara,7/24/2019,Planning Commission,pdf,https://santaclara.legistar.com/View.ashx?M=A&ID=644887&GUID=785DFA1A-91FA-47A3-A878-62C8F505DBC6,Agenda
60,Santa Clara,7/22/2019,Senior Advisory Commission,pdf,https://santaclara.legistar.com/View.ashx?M=A&ID=688538&GUID=62F386C5-3B53-4DAC-8131-D70F597B051D,Agenda
61,Santa Clara,7/22/2019,Senior Advisory Commission,pdf,https://santaclara.legistar.com/View.ashx?M=M&ID=688538&GUID=62F386C5-3B53-4DAC-8131-D70F597B051D,Minutes
62,Santa Clara,7/18/2019,Charter Review Committee,pdf,https://santaclara.legistar.com/View.ashx?M=A&ID=711246&GUID=93CCBAB4-5F31-4AEE-B046-8F4557099351,Agenda
63,Santa Clara,7/18/2019,Charter Review Committee,pdf,https://santaclara.legistar.com/View.ashx?M=M&ID=711246&GUID=93CCBAB4-5F31-4AEE-B046-8F4557099351,Minutes
64,Santa Clara,7/16/2019,Parks & Recreation Commission,pdf,https://santaclara.legistar.com/View.ashx?M=A&ID=693512&GUID=78168E87-34CA-4F6F-A57A-87839F509951,Agenda
65,Santa Clara,7/16/2019,Parks & Recreation Commission,pdf,https://santaclara.legistar.com/View.ashx?M=M&ID=693512&GUID=78168E87-34CA-4F6F-A57A-87839F509951,Minutes
66,Santa Clara,7/16/2019,Council and Authorities Concurrent Meeting,pdf,https://santaclara.legistar.com/View.ashx?M=A&ID=640661&GUID=9F2634FD-A37A-4EB8-A66B-9F900D957798,Agenda
67,Santa Clara,7/16/2019,Council and Authorities Concurrent Meeting,pdf,https://santaclara.legistar.com/View.ashx?M=M&ID=640661&GUID=9F2634FD-A37A-4EB8-A66B-9F900D957798,Minutes
68,Santa Clara,7/11/2019,Historical & Landmarks Commission,pdf,https://santaclara.legistar.com/View.ashx?M=A&ID=642856&GUID=10DDB544-B364-4764-820F-8847BEB46163,Agenda
69,Santa Clara,7/10/2019,Council and Authorities Concurrent Meeting,pdf,https://santaclara.legistar.com/View.ashx?M=A&ID=708732&GUID=40607DF4-82C4-4497-AB06-C8FC74B57DC4,Agenda
70,Santa Clara,7/9/2019,Council and Authorities Concurrent Meeting,pdf,https://santaclara.legistar.com/View.ashx?M=A&ID=692128&GUID=B4D406FB-67A4-403C-B673-55AD8F500437,Agenda
71,Santa Clara,7/9/2019,Council and Authorities Concurrent Meeting,pdf,https://santaclara.legistar.com/View.ashx?M=M&ID=692128&GUID=B4D406FB-67A4-403C-B673-55AD8F500437,Minutes
72,Santa Clara,7/8/2019,Civil Service Commission,pdf,https://santaclara.legistar.com/View.ashx?M=A&ID=656837&GUID=7B9BE2C6-A579-4625-ACD5-38D45F5C0404,Agenda
73,Santa Clara,7/1/2019,Cultural Commission,pdf,https://santaclara.legistar.com/View.ashx?M=A&ID=688536&GUID=461DD57F-E22E-44D0-9133-7E40357B2B4A,Agenda
74,Santa Clara,7/1/2019,Cultural Commission,pdf,https://santaclara.legistar.com/View.ashx?M=M&ID=688536&GUID=461DD57F-E22E-44D0-9133-7E40357B2B4A,Minutes
75,Santa Clara,6/26/2019,Salary Setting Commission,pdf,https://santaclara.legistar.com/View.ashx?M=A&ID=695533&GUID=E23772E0-60CD-4EA2-83D5-43569FC9D2F5,Agenda
76,Santa Clara,6/25/2019,Council and Authorities Concurrent Meeting,pdf,https://santaclara.legistar.com/View.ashx?M=A&ID=640659&GUID=65ADA96E-5625-4F26-8638-AC66A4E1F193,Agenda
77,Santa Clara,6/25/2019,Council and Authorities Concurrent Meeting,pdf,https://santaclara.legistar.com/View.ashx?M=M&ID=640659&GUID=65ADA96E-5625-4F26-8638-AC66A4E1F193,Minutes
78,Santa Clara,6/24/2019,Senior Advisory Commission,pdf,https://santaclara.legistar.com/View.ashx?M=A&ID=688535&GUID=C2DE2B86-D42D-4080-A352-BF40DED41E3B,Agenda
79,Santa Clara,6/24/2019,Senior Advisory Commission,pdf,https://santaclara.legistar.com/View.ashx?M=M&ID=688535&GUID=C2DE2B86-D42D-4080-A352-BF40DED41E3B,Minutes
80,Santa Clara,6/20/2019,Salary Setting Commission,pdf,https://santaclara.legistar.com/View.ashx?M=A&ID=695532&GUID=3105CA9F-09CC-4177-8B45-23A7146649E0,Agenda
81,Santa Clara,6/18/2019,Santa Clara Stadium Authority,pdf,https://santaclara.legistar.com/View.ashx?M=A&ID=640658&GUID=897066D4-B059-49AB-95EC-DF0E74993BB0,Agenda
82,Santa Clara,6/18/2019,Parks & Recreation Commission,pdf,https://santaclara.legistar.com/View.ashx?M=A&ID=687338&GUID=CCFA7AA1-FE48-48A2-9858-4F9D26F765C4,Agenda
83,Santa Clara,6/18/2019,Parks & Recreation Commission,pdf,https://santaclara.legistar.com/View.ashx?M=M&ID=687338&GUID=CCFA7AA1-FE48-48A2-9858-4F9D26F765C4,Minutes
84,Santa Clara,6/18/2019,Council and Authorities Concurrent Meeting,pdf,https://santaclara.legistar.com/View.ashx?M=A&ID=707165&GUID=C202092E-561E-4CE6-BCD0-BD10F7DEEBEB,Agenda
85,Santa Clara,6/18/2019,Council and Authorities Concurrent Meeting,pdf,https://santaclara.legistar.com/View.ashx?M=M&ID=707165&GUID=C202092E-561E-4CE6-BCD0-BD10F7DEEBEB,Minutes
86,Santa Clara,6/12/2019,Planning Commission,pdf,https://santaclara.legistar.com/View.ashx?M=A&ID=644886&GUID=858050EE-3D09-4824-87A5-475732770532,Agenda
87,Santa Clara,6/12/2019,Planning Commission,pdf,https://santaclara.legistar.com/View.ashx?M=M&ID=644886&GUID=858050EE-3D09-4824-87A5-475732770532,Minutes
88,Santa Clara,6/11/2019,Salary Setting Commission,pdf,https://santaclara.legistar.com/View.ashx?M=A&ID=695531&GUID=94308E97-A3BA-46CC-B31F-FE1DA5C6911B,Agenda
89,Santa Clara,6/6/2019,Historical & Landmarks Commission,pdf,https://santaclara.legistar.com/View.ashx?M=A&ID=642855&GUID=581F8B67-1955-4A6A-AF92-BAC9B75D2A4A,Agenda
90,Santa Clara,6/6/2019,Historical & Landmarks Commission,pdf,https://santaclara.legistar.com/View.ashx?M=M&ID=642855&GUID=581F8B67-1955-4A6A-AF92-BAC9B75D2A4A,Minutes
91,Santa Clara,6/5/2019,Salary Setting Commission,pdf,https://santaclara.legistar.com/View.ashx?M=A&ID=695530&GUID=076C63BA-846D-424E-BD31-517B6AF733F0,Agenda
92,Santa Clara,6/4/2019,Council and Authorities Concurrent Meeting,pdf,https://santaclara.legistar.com/View.ashx?M=A&ID=640653&GUID=4293A619-8ADA-4074-8E45-06289460585D,Agenda
93,Santa Clara,6/4/2019,Council and Authorities Concurrent Meeting,pdf,https://santaclara.legistar.com/View.ashx?M=M&ID=640653&GUID=4293A619-8ADA-4074-8E45-06289460585D,Minutes
94,Santa Clara,6/3/2019,Cultural Commission,pdf,https://santaclara.legistar.com/View.ashx?M=A&ID=687337&GUID=4E286A96-77F3-42BF-9480-96DD73510EB9,Agenda
95,Santa Clara,6/3/2019,Cultural Commission,pdf,https://santaclara.legistar.com/View.ashx?M=M&ID=687337&GUID=4E286A96-77F3-42BF-9480-96DD73510EB9,Minutes
96,Santa Clara,6/3/2019,Board of Library Trustees,pdf,https://santaclara.legistar.com/View.ashx?M=A&ID=646218&GUID=58F0DF76-DE0B-43AF-86A6-BD2DEC2FD1EA,Agenda
97,Santa Clara,6/3/2019,Board of Library Trustees,pdf,https://santaclara.legistar.com/View.ashx?M=M&ID=646218&GUID=58F0DF76-DE0B-43AF-86A6-BD2DEC2FD1EA,Minutes
98,Santa Clara,6/3/2019,"Economic Development, Communications, and Marketing Committee",pdf,https://santaclara.legistar.com/View.ashx?M=A&ID=680249&GUID=A6799E7D-3AC0-4FA2-8EAD-A2E06A1CC0B1,Agenda
99,Santa Clara,5/30/2019,Salary Setting Commission,pdf,https://santaclara.legistar.com/View.ashx?M=A&ID=687116&GUID=745C554D-6C51-4FEE-BADC-D8A13E121BC7,Agenda
100,Santa Clara,5/23/2019,Salary Setting Commission,pdf,https://santaclara.legistar.com/View.ashx?M=A&ID=687115&GUID=6293F503-0C34-4EF0-855E-355083CD4886,Agenda
101,Santa Clara,5/23/2019,Salary Setting Commission,pdf,https://santaclara.legistar.com/View.ashx?M=M&ID=687115&GUID=6293F503-0C34-4EF0-855E-355083CD4886,Minutes
102,Santa Clara,5/22/2019,Planning Commission,pdf,https://santaclara.legistar.com/View.ashx?M=A&ID=644884&GUID=AD987997-7C1F-4252-919B-EA344F4E73FB,Agenda
103,Santa Clara,5/22/2019,Planning Commission,pdf,https://santaclara.legistar.com/View.ashx?M=M&ID=644884&GUID=AD987997-7C1F-4252-919B-EA344F4E73FB,Minutes
104,Santa Clara,5/21/2019,Parks & Recreation Commission,pdf,https://santaclara.legistar.com/View.ashx?M=A&ID=687335&GUID=BD0C35BB-C06C-4F63-903A-A42F3BF574BD,Agenda
105,Santa Clara,5/21/2019,Parks & Recreation Commission,pdf,https://santaclara.legistar.com/View.ashx?M=M&ID=687335&GUID=BD0C35BB-C06C-4F63-903A-A42F3BF574BD,Minutes
106,Santa Clara,5/21/2019,Council and Authorities Concurrent Meeting,pdf,https://santaclara.legistar.com/View.ashx?M=A&ID=640657&GUID=0551B947-F71B-4FD0-A165-54E3E382E013,Agenda
107,Santa Clara,5/21/2019,Council and Authorities Concurrent Meeting,pdf,https://santaclara.legistar.com/View.ashx?M=M&ID=640657&GUID=0551B947-F71B-4FD0-A165-54E3E382E013,Minutes
108,Santa Clara,5/20/2019,Senior Advisory Commission,pdf,https://santaclara.legistar.com/View.ashx?M=A&ID=687336&GUID=4BA7512B-4D76-4B09-8655-22D3FB87D114,Agenda
109,Santa Clara,5/20/2019,Senior Advisory Commission,pdf,https://santaclara.legistar.com/View.ashx?M=M&ID=687336&GUID=4BA7512B-4D76-4B09-8655-22D3FB87D114,Minutes
110,Santa Clara,5/16/2019,Governance and Ethics Committee,pdf,https://santaclara.legistar.com/View.ashx?M=A&ID=679342&GUID=87DC05C6-F826-48AE-B7F0-0E81B44D7DC4,Agenda
111,Santa Clara,5/14/2019,Youth Commission,pdf,https://santaclara.legistar.com/View.ashx?M=A&ID=687135&GUID=9873CC0D-07AF-4C2F-BAB1-F63BD7FD6235,Agenda
112,Santa Clara,5/14/2019,Youth Commission,pdf,https://santaclara.legistar.com/View.ashx?M=M&ID=687135&GUID=9873CC0D-07AF-4C2F-BAB1-F63BD7FD6235,Minutes
113,Santa Clara,5/13/2019,Civil Service Commission,pdf,https://santaclara.legistar.com/View.ashx?M=A&ID=656835&GUID=56D63AC7-6187-4EC6-827E-FD8831A2E0B0,Agenda
114,Santa Clara,5/9/2019,Salary Setting Commission,pdf,https://santaclara.legistar.com/View.ashx?M=A&ID=687114&GUID=A01F8B30-DC5E-4EA7-B84D-1DCA30B14754,Agenda
115,Santa Clara,5/9/2019,Salary Setting Commission,pdf,https://santaclara.legistar.com/View.ashx?M=M&ID=687114&GUID=A01F8B30-DC5E-4EA7-B84D-1DCA30B14754,Minutes
116,Santa Clara,5/7/2019,Council and Authorities Concurrent Meeting,pdf,https://santaclara.legistar.com/View.ashx?M=A&ID=640656&GUID=5D8B2626-A695-4FEF-8211-0FB6642B61AC,Agenda
117,Santa Clara,5/7/2019,Council and Authorities Concurrent Meeting,pdf,https://santaclara.legistar.com/View.ashx?M=M&ID=640656&GUID=5D8B2626-A695-4FEF-8211-0FB6642B61AC,Minutes
118,Santa Clara,5/6/2019,Cultural Commission,pdf,https://santaclara.legistar.com/View.ashx?M=A&ID=672299&GUID=D91E065F-D42C-4652-80B5-F9AF011C06AD,Agenda
119,Santa Clara,5/6/2019,Cultural Commission,pdf,https://santaclara.legistar.com/View.ashx?M=M&ID=672299&GUID=D91E065F-D42C-4652-80B5-F9AF011C06AD,Minutes
120,Santa Clara,5/2/2019,Historical & Landmarks Commission,pdf,https://santaclara.legistar.com/View.ashx?M=A&ID=642854&GUID=BD7CC25D-EC19-4F45-8411-C711B792FE20,Agenda
121,Santa Clara,5/2/2019,Historical & Landmarks Commission,pdf,https://santaclara.legistar.com/View.ashx?M=M&ID=642854&GUID=BD7CC25D-EC19-4F45-8411-C711B792FE20,Minutes
122,Santa Clara,4/30/2019,Santa Clara Stadium Authority,pdf,https://santaclara.legistar.com/View.ashx?M=A&ID=640643&GUID=C76A8128-B122-447B-814A-6C2D31C2041E,Agenda
123,Santa Clara,4/30/2019,Santa Clara Stadium Authority,pdf,https://santaclara.legistar.com/View.ashx?M=M&ID=640643&GUID=C76A8128-B122-447B-814A-6C2D31C2041E,Minutes
124,Santa Clara,4/25/2019,Governance and Ethics Committee,pdf,https://santaclara.legistar.com/View.ashx?M=A&ID=677647&GUID=DAB9205C-AA62-4608-A32B-8B627F3E5A0F,Agenda
125,Santa Clara,4/25/2019,Governance and Ethics Committee,pdf,https://santaclara.legistar.com/View.ashx?M=M&ID=677647&GUID=DAB9205C-AA62-4608-A32B-8B627F3E5A0F,Minutes
126,Santa Clara,4/24/2019,Planning Commission,pdf,https://santaclara.legistar.com/View.ashx?M=A&ID=644883&GUID=B32C9457-8879-47CD-970C-7C1DE4C2687A,Agenda
127,Santa Clara,4/24/2019,Planning Commission,pdf,https://santaclara.legistar.com/View.ashx?M=M&ID=644883&GUID=B32C9457-8879-47CD-970C-7C1DE4C2687A,Minutes
128,Santa Clara,4/23/2019,Council and Authorities Concurrent Meeting,pdf,https://santaclara.legistar.com/View.ashx?M=A&ID=640642&GUID=D2BAF61F-47A8-44B1-A68E-7F89D13ED45B,Agenda
129,Santa Clara,4/23/2019,Council and Authorities Concurrent Meeting,pdf,https://santaclara.legistar.com/View.ashx?M=M&ID=640642&GUID=D2BAF61F-47A8-44B1-A68E-7F89D13ED45B,Minutes
130,Santa Clara,4/22/2019,Senior Advisory Commission,pdf,https://santaclara.legistar.com/View.ashx?M=A&ID=687334&GUID=A04020E2-FB37-4DF1-BE0F-615835D79139,Agenda
131,Santa Clara,4/22/2019,Senior Advisory Commission,pdf,https://santaclara.legistar.com/View.ashx?M=M&ID=687334&GUID=A04020E2-FB37-4DF1-BE0F-615835D79139,Minutes
132,Santa Clara,4/18/2019,Salary Setting Commission,pdf,https://santaclara.legistar.com/View.ashx?M=A&ID=687113&GUID=17B04610-D539-4C7F-B3A5-860C22E66542,Agenda
133,Santa Clara,4/16/2019,Parks & Recreation Commission,pdf,https://santaclara.legistar.com/View.ashx?M=A&ID=687268&GUID=F581ADC4-8765-4616-B5C5-0F22CFA6D0A7,Agenda
134,Santa Clara,4/16/2019,Parks & Recreation Commission,pdf,https://santaclara.legistar.com/View.ashx?M=M&ID=687268&GUID=F581ADC4-8765-4616-B5C5-0F22CFA6D0A7,Minutes
135,Santa Clara,4/11/2019,Salary Setting Commission,pdf,https://santaclara.legistar.com/View.ashx?M=A&ID=687112&GUID=9F5F183C-8F5D-4DE0-A538-C1380C459E48,Agenda
136,Santa Clara,4/10/2019,Planning Commission,pdf,https://santaclara.legistar.com/View.ashx?M=A&ID=644882&GUID=F9380C8B-BBD2-47BD-A236-6EFBC72A620A,Agenda
137,Santa Clara,4/10/2019,Planning Commission,pdf,https://santaclara.legistar.com/View.ashx?M=M&ID=644882&GUID=F9380C8B-BBD2-47BD-A236-6EFBC72A620A,Minutes
138,Santa Clara,4/9/2019,Youth Commission,pdf,https://santaclara.legistar.com/View.ashx?M=A&ID=687094&GUID=8B3A2AB5-7E4C-4DC4-A973-77FDE6E28A56,Agenda
139,Santa Clara,4/9/2019,Youth Commission,pdf,https://santaclara.legistar.com/View.ashx?M=M&ID=687094&GUID=8B3A2AB5-7E4C-4DC4-A973-77FDE6E28A56,Minutes
140,Santa Clara,4/9/2019,Council and Authorities Concurrent Meeting,pdf,https://santaclara.legistar.com/View.ashx?M=A&ID=640641&GUID=E8328238-97FD-4177-BC55-B50325A27BD1,Agenda
141,Santa Clara,4/9/2019,Council and Authorities Concurrent Meeting,pdf,https://santaclara.legistar.com/View.ashx?M=M&ID=640641&GUID=E8328238-97FD-4177-BC55-B50325A27BD1,Minutes
142,Santa Clara,4/4/2019,Historical & Landmarks Commission,pdf,https://santaclara.legistar.com/View.ashx?M=A&ID=642853&GUID=6FD995AF-4DF7-4A27-8B42-0FB8D5E8B15F,Agenda
143,Santa Clara,4/4/2019,Historical & Landmarks Commission,pdf,https://santaclara.legistar.com/View.ashx?M=M&ID=642853&GUID=6FD995AF-4DF7-4A27-8B42-0FB8D5E8B15F,Minutes
144,Santa Clara,4/3/2019,City-School Liaison Committee,pdf,https://santaclara.legistar.com/View.ashx?M=A&ID=687121&GUID=E094D37D-2094-4003-9FDA-6D0B501DC2A7,Agenda
145,Santa Clara,4/1/2019,Cultural Commission,pdf,https://santaclara.legistar.com/View.ashx?M=A&ID=672298&GUID=65AAEBB8-B870-49A1-8045-0FD9DE56C6A8,Agenda
146,Santa Clara,4/1/2019,Cultural Commission,pdf,https://santaclara.legistar.com/View.ashx?M=M&ID=672298&GUID=65AAEBB8-B870-49A1-8045-0FD9DE56C6A8,Minutes
147,Santa Clara,4/1/2019,Board of Library Trustees,pdf,https://santaclara.legistar.com/View.ashx?M=A&ID=646217&GUID=914CCF61-1C0B-41D6-B77D-CD4AA60639DB,Agenda
148,Santa Clara,4/1/2019,Board of Library Trustees,pdf,https://santaclara.legistar.com/View.ashx?M=M&ID=646217&GUID=914CCF61-1C0B-41D6-B77D-CD4AA60639DB,Minutes
149,Santa Clara,4/1/2019,Council and Authorities Concurrent Meeting,pdf,https://santaclara.legistar.com/View.ashx?M=A&ID=686211&GUID=11C8CB60-37A9-4678-8E95-60DB62546107,Agenda
150,Santa Clara,4/1/2019,Council and Authorities Concurrent Meeting,pdf,https://santaclara.legistar.com/View.ashx?M=M&ID=686211&GUID=11C8CB60-37A9-4678-8E95-60DB62546107,Minutes
151,Santa Clara,3/28/2019,Salary Setting Commission,pdf,https://santaclara.legistar.com/View.ashx?M=A&ID=672154&GUID=A4DE6751-A1B8-4178-90A4-7E4CF195D70C,Agenda
152,Santa Clara,3/28/2019,Salary Setting Commission,pdf,https://santaclara.legistar.com/View.ashx?M=M&ID=672154&GUID=A4DE6751-A1B8-4178-90A4-7E4CF195D70C,Minutes
153,Santa Clara,3/27/2019,Planning Commission,pdf,https://santaclara.legistar.com/View.ashx?M=A&ID=644881&GUID=62769D66-A2E8-4349-A586-C4FA6617E228,Agenda
154,Santa Clara,3/27/2019,Santa Clara Stadium Authority,pdf,https://santaclara.legistar.com/View.ashx?M=A&ID=679645&GUID=18F2D195-2C6A-4A42-8A28-20164E1B4998,Agenda
155,Santa Clara,3/27/2019,Santa Clara Stadium Authority,pdf,https://santaclara.legistar.com/View.ashx?M=M&ID=679645&GUID=18F2D195-2C6A-4A42-8A28-20164E1B4998,Minutes
156,Santa Clara,3/26/2019,Council and Authorities Concurrent Meeting,pdf,https://santaclara.legistar.com/View.ashx?M=A&ID=640623&GUID=C7BB9673-855F-4A7E-9713-49302CE5840B,Agenda
157,Santa Clara,3/26/2019,Council and Authorities Concurrent Meeting,pdf,https://santaclara.legistar.com/View.ashx?M=M&ID=640623&GUID=C7BB9673-855F-4A7E-9713-49302CE5840B,Minutes
158,Santa Clara,3/25/2019,Senior Advisory Commission,pdf,https://santaclara.legistar.com/View.ashx?M=A&ID=661866&GUID=7F1CB71F-4337-4937-82B6-9A45F27B3402,Agenda
159,Santa Clara,3/25/2019,Senior Advisory Commission,pdf,https://santaclara.legistar.com/View.ashx?M=M&ID=661866&GUID=7F1CB71F-4337-4937-82B6-9A45F27B3402,Minutes
160,Santa Clara,3/20/2019,"Economic Development, Communications, and Marketing Committee",pdf,https://santaclara.legistar.com/View.ashx?M=A&ID=679402&GUID=8B29124F-4C0D-40A0-B348-155BA348948A,Agenda
161,Santa Clara,3/20/2019,Council and Authorities Concurrent Meeting,pdf,https://santaclara.legistar.com/View.ashx?M=A&ID=684627&GUID=08245264-0766-4DA8-8B3C-AD6355F99D94,Agenda
162,Santa Clara,3/20/2019,Council and Authorities Concurrent Meeting,pdf,https://santaclara.legistar.com/View.ashx?M=M&ID=684627&GUID=08245264-0766-4DA8-8B3C-AD6355F99D94,Minutes
163,Santa Clara,3/19/2019,Parks & Recreation Commission,pdf,https://santaclara.legistar.com/View.ashx?M=A&ID=661858&GUID=1312B637-7DBA-4047-BFB4-D57FD97D53E9,Agenda
164,Santa Clara,3/19/2019,Parks & Recreation Commission,pdf,https://santaclara.legistar.com/View.ashx?M=M&ID=661858&GUID=1312B637-7DBA-4047-BFB4-D57FD97D53E9,Minutes
165,Santa Clara,3/19/2019,Santa Clara Stadium Authority,pdf,https://santaclara.legistar.com/View.ashx?M=A&ID=640622&GUID=2F803846-4C50-461F-B6CD-70E3C609BBD2,Agenda
166,Santa Clara,3/19/2019,Santa Clara Stadium Authority,pdf,https://santaclara.legistar.com/View.ashx?M=M&ID=640622&GUID=2F803846-4C50-461F-B6CD-70E3C609BBD2,Minutes
167,Santa Clara,3/19/2019,Council and Authorities Concurrent Meeting,pdf,https://santaclara.legistar.com/View.ashx?M=A&ID=685093&GUID=BB4E88FD-E365-4E14-9D48-B7AF8D1F15DF,Agenda
168,Santa Clara,3/14/2019,Salary Setting Commission,pdf,https://santaclara.legistar.com/View.ashx?M=A&ID=672153&GUID=341BE710-E73F-41C2-80C4-230F94A4E143,Agenda
169,Santa Clara,3/14/2019,Salary Setting Commission,pdf,https://santaclara.legistar.com/View.ashx?M=M&ID=672153&GUID=341BE710-E73F-41C2-80C4-230F94A4E143,Minutes
170,Santa Clara,3/13/2019,Planning Commission,pdf,https://santaclara.legistar.com/View.ashx?M=A&ID=644879&GUID=A690294A-07DE-472B-9DBF-321092ABE49C,Agenda
171,Santa Clara,3/13/2019,Planning Commission,pdf,https://santaclara.legistar.com/View.ashx?M=M&ID=644879&GUID=A690294A-07DE-472B-9DBF-321092ABE49C,Minutes
172,Santa Clara,3/12/2019,Youth Commission,pdf,https://santaclara.legistar.com/View.ashx?M=A&ID=661827&GUID=8B556EA7-DCC1-41C3-A138-74DDFC7B2859,Agenda
173,Santa Clara,3/12/2019,Youth Commission,pdf,https://santaclara.legistar.com/View.ashx?M=M&ID=661827&GUID=8B556EA7-DCC1-41C3-A138-74DDFC7B2859,Minutes
174,Santa Clara,3/11/2019,Civil Service Commission,pdf,https://santaclara.legistar.com/View.ashx?M=A&ID=656834&GUID=DA3EB0DD-1332-468C-BA6E-25B9BC695AD0,Agenda
175,Santa Clara,3/11/2019,Civil Service Commission,pdf,https://santaclara.legistar.com/View.ashx?M=M&ID=656834&GUID=DA3EB0DD-1332-468C-BA6E-25B9BC695AD0,Minutes
176,Santa Clara,3/7/2019,Historical & Landmarks Commission,pdf,https://santaclara.legistar.com/View.ashx?M=A&ID=642852&GUID=27A70B61-6FF3-4DB4-A7AF-059A19C0E1F3,Agenda
177,Santa Clara,3/5/2019,Council and Authorities Concurrent Meeting,pdf,https://santaclara.legistar.com/View.ashx?M=A&ID=640621&GUID=606861EE-8C8A-46BB-A3FD-0AB401CA1AEA,Agenda
178,Santa Clara,3/5/2019,Council and Authorities Concurrent Meeting,pdf,https://santaclara.legistar.com/View.ashx?M=M&ID=640621&GUID=606861EE-8C8A-46BB-A3FD-0AB401CA1AEA,Minutes
179,Santa Clara,3/4/2019,Cultural Commission,pdf,https://santaclara.legistar.com/View.ashx?M=A&ID=656291&GUID=602D5D4E-906A-4B62-B38C-30344D6C9AD9,Agenda
180,Santa Clara,3/4/2019,Cultural Commission,pdf,https://santaclara.legistar.com/View.ashx?M=M&ID=656291&GUID=602D5D4E-906A-4B62-B38C-30344D6C9AD9,Minutes
181,Santa Clara,2/28/2019,Salary Setting Commission,pdf,https://santaclara.legistar.com/View.ashx?M=A&ID=672152&GUID=16A4248A-0BA5-44C9-A643-029EAA78F14D,Agenda
182,Santa Clara,2/28/2019,Salary Setting Commission,pdf,https://santaclara.legistar.com/View.ashx?M=M&ID=672152&GUID=16A4248A-0BA5-44C9-A643-029EAA78F14D,Minutes
183,Santa Clara,2/27/2019,Planning Commission,pdf,https://santaclara.legistar.com/View.ashx?M=A&ID=644880&GUID=3D1F5291-5D2D-4C8E-B090-225DD42DEF28,Agenda
184,Santa Clara,2/27/2019,Planning Commission,pdf,https://santaclara.legistar.com/View.ashx?M=M&ID=644880&GUID=3D1F5291-5D2D-4C8E-B090-225DD42DEF28,Minutes
185,Santa Clara,2/25/2019,Audit Committee,pdf,https://santaclara.legistar.com/View.ashx?M=A&ID=679081&GUID=89A8F101-6D03-4148-A4BF-4A0128CE0111,Agenda
186,Santa Clara,2/25/2019,Audit Committee,pdf,https://santaclara.legistar.com/View.ashx?M=M&ID=679081&GUID=89A8F101-6D03-4148-A4BF-4A0128CE0111,Minutes
187,Santa Clara,2/25/2019,Senior Advisory Commission,pdf,https://santaclara.legistar.com/View.ashx?M=A&ID=661860&GUID=0F43186C-2975-4BB4-B56D-A7FCB553DB25,Agenda
188,Santa Clara,2/25/2019,Senior Advisory Commission,pdf,https://santaclara.legistar.com/View.ashx?M=M&ID=661860&GUID=0F43186C-2975-4BB4-B56D-A7FCB553DB25,Minutes
189,Santa Clara,2/21/2019,Salary Setting Commission,pdf,https://santaclara.legistar.com/View.ashx?M=A&ID=672149&GUID=7B13ABBF-2B57-40E1-A4E5-9DF46D325207,Agenda
190,Santa Clara,2/21/2019,Salary Setting Commission,pdf,https://santaclara.legistar.com/View.ashx?M=M&ID=672149&GUID=7B13ABBF-2B57-40E1-A4E5-9DF46D325207,Minutes
191,Santa Clara,2/19/2019,Parks & Recreation Commission,pdf,https://santaclara.legistar.com/View.ashx?M=A&ID=661857&GUID=697A0862-F06E-4A4E-8B36-6F241C52D6C5,Agenda
192,Santa Clara,2/19/2019,Parks & Recreation Commission,pdf,https://santaclara.legistar.com/View.ashx?M=M&ID=661857&GUID=697A0862-F06E-4A4E-8B36-6F241C52D6C5,Minutes
193,Santa Clara,2/19/2019,Council and Authorities Concurrent Meeting,pdf,https://santaclara.legistar.com/View.ashx?M=A&ID=640619&GUID=2C696A4F-4F60-42F7-B398-2DBA494A0CE7,Agenda
194,Santa Clara,2/19/2019,Council and Authorities Concurrent Meeting,pdf,https://santaclara.legistar.com/View.ashx?M=M&ID=640619&GUID=2C696A4F-4F60-42F7-B398-2DBA494A0CE7,Minutes
195,Santa Clara,2/12/2019,Youth Commission,pdf,https://santaclara.legistar.com/View.ashx?M=A&ID=661826&GUID=76124010-A55A-4E14-90E2-618100463B81,Agenda
196,Santa Clara,2/12/2019,Youth Commission,pdf,https://santaclara.legistar.com/View.ashx?M=M&ID=661826&GUID=76124010-A55A-4E14-90E2-618100463B81,Minutes
197,Santa Clara,2/7/2019,Historical & Landmarks Commission,pdf,https://santaclara.legistar.com/View.ashx?M=A&ID=642851&GUID=3ADFE5C4-CC4A-4AB2-8DE6-99ECD901029B,Agenda
198,Santa Clara,2/7/2019,Historical & Landmarks Commission,pdf,https://santaclara.legistar.com/View.ashx?M=M&ID=642851&GUID=3ADFE5C4-CC4A-4AB2-8DE6-99ECD901029B,Minutes
199,Santa Clara,2/6/2019,City-School Liaison Committee,pdf,https://santaclara.legistar.com/View.ashx?M=A&ID=678729&GUID=8CBCF500-D302-4206-8733-61ACAD439665,Agenda
200,Santa Clara,2/6/2019,City-School Liaison Committee,pdf,https://santaclara.legistar.com/View.ashx?M=M&ID=678729&GUID=8CBCF500-D302-4206-8733-61ACAD439665,Minutes
201,Santa Clara,2/5/2019,Council and Authorities Concurrent Meeting,pdf,https://santaclara.legistar.com/View.ashx?M=A&ID=640618&GUID=15C0069A-69CD-4115-8D26-AF59F0FB9270,Agenda
202,Santa Clara,2/5/2019,Council and Authorities Concurrent Meeting,pdf,https://santaclara.legistar.com/View.ashx?M=M&ID=640618&GUID=15C0069A-69CD-4115-8D26-AF59F0FB9270,Minutes
203,Santa Clara,2/4/2019,Cultural Commission,pdf,https://santaclara.legistar.com/View.ashx?M=A&ID=655000&GUID=D6850F0C-3B35-4472-9E21-0A578F0B2F64,Agenda
204,Santa Clara,2/4/2019,Cultural Commission,pdf,https://santaclara.legistar.com/View.ashx?M=M&ID=655000&GUID=D6850F0C-3B35-4472-9E21-0A578F0B2F64,Minutes
205,Santa Clara,2/4/2019,Board of Library Trustees,pdf,https://santaclara.legistar.com/View.ashx?M=A&ID=646216&GUID=0E31E600-BB90-458C-8DA5-93CDEADCCC56,Agenda
206,Santa Clara,2/4/2019,Board of Library Trustees,pdf,https://santaclara.legistar.com/View.ashx?M=M&ID=646216&GUID=0E31E600-BB90-458C-8DA5-93CDEADCCC56,Minutes
207,Santa Clara,2/1/2019,Council and Authorities Concurrent Meeting,pdf,https://santaclara.legistar.com/View.ashx?M=A&ID=656062&GUID=853B32AB-3BC7-4CBD-ACAF-D872F4A4F8D4,Agenda
208,Santa Clara,1/31/2019,Council and Authorities Concurrent Meeting,pdf,https://santaclara.legistar.com/View.ashx?M=A&ID=656061&GUID=902EDF97-6D55-4D8A-9E22-4C6F2CB45775,Agenda
209,Santa Clara,1/30/2019,Salary Setting Commission,pdf,https://santaclara.legistar.com/View.ashx?M=A&ID=672148&GUID=7CE6A8DB-8751-4570-81AF-20D7A1F9141E,Agenda
210,Santa Clara,1/30/2019,Salary Setting Commission,pdf,https://santaclara.legistar.com/View.ashx?M=M&ID=672148&GUID=7CE6A8DB-8751-4570-81AF-20D7A1F9141E,Minutes
211,Santa Clara,1/29/2019,Council and Authorities Concurrent Meeting,pdf,https://santaclara.legistar.com/View.ashx?M=A&ID=640617&GUID=1E9FB948-C4C4-447F-9BEB-EAB6EFB6C2FA,Agenda
212,Santa Clara,1/29/2019,Council and Authorities Concurrent Meeting,pdf,https://santaclara.legistar.com/View.ashx?M=M&ID=640617&GUID=1E9FB948-C4C4-447F-9BEB-EAB6EFB6C2FA,Minutes
213,Santa Clara,1/28/2019,Senior Advisory Commission,pdf,https://santaclara.legistar.com/View.ashx?M=A&ID=661859&GUID=306D3173-EA76-41F9-ADFB-C2BA194FE723,Agenda
214,Santa Clara,1/28/2019,Senior Advisory Commission,pdf,https://santaclara.legistar.com/View.ashx?M=M&ID=661859&GUID=306D3173-EA76-41F9-ADFB-C2BA194FE723,Minutes
215,Santa Clara,1/23/2019,Planning Commission,pdf,https://santaclara.legistar.com/View.ashx?M=A&ID=661852&GUID=97DB166B-09DF-4F09-8D70-F40D3BC05ED6,Agenda
216,Santa Clara,1/17/2019,Salary Setting Commission,pdf,https://santaclara.legistar.com/View.ashx?M=A&ID=672147&GUID=090FE552-0031-4D0C-8529-80A4DAA442FD,Agenda
217,Santa Clara,1/17/2019,Salary Setting Commission,pdf,https://santaclara.legistar.com/View.ashx?M=M&ID=672147&GUID=090FE552-0031-4D0C-8529-80A4DAA442FD,Minutes
218,Santa Clara,1/15/2019,Parks & Recreation Commission,pdf,https://santaclara.legistar.com/View.ashx?M=A&ID=661856&GUID=E401F5AD-7E70-4D0C-A52E-E92350F18F6C,Agenda
219,Santa Clara,1/15/2019,Parks & Recreation Commission,pdf,https://santaclara.legistar.com/View.ashx?M=M&ID=661856&GUID=E401F5AD-7E70-4D0C-A52E-E92350F18F6C,Minutes
220,Santa Clara,1/15/2019,Council and Authorities Concurrent Meeting,pdf,https://santaclara.legistar.com/View.ashx?M=A&ID=653897&GUID=1E214390-ED68-49B9-BAF6-BB6825EECF85,Agenda
221,Santa Clara,1/15/2019,Council and Authorities Concurrent Meeting,pdf,https://santaclara.legistar.com/View.ashx?M=M&ID=653897&GUID=1E214390-ED68-49B9-BAF6-BB6825EECF85,Minutes
222,Santa Clara,1/14/2019,Civil Service Commission,pdf,https://santaclara.legistar.com/View.ashx?M=A&ID=656833&GUID=FD379FD9-5382-4A9C-8DA1-6666EB384B05,Agenda
223,Santa Clara,1/14/2019,Board of Library Trustees,pdf,https://santaclara.legistar.com/View.ashx?M=A&ID=661151&GUID=070CC085-315B-4114-A4EE-9BE65D76901F,Agenda
224,Santa Clara,1/14/2019,Board of Library Trustees,pdf,https://santaclara.legistar.com/View.ashx?M=M&ID=661151&GUID=070CC085-315B-4114-A4EE-9BE65D76901F,Minutes
225,Santa Clara,1/9/2019,Planning Commission,pdf,https://santaclara.legistar.com/View.ashx?M=A&ID=644876&GUID=A8DBB455-D84E-4531-BC8B-514DEE15FD7D,Agenda
226,Santa Clara,1/9/2019,Planning Commission,pdf,https://santaclara.legistar.com/View.ashx?M=M&ID=644876&GUID=A8DBB455-D84E-4531-BC8B-514DEE15FD7D,Minutes
227,Santa Clara,1/8/2019,Salary Setting Commission,pdf,https://santaclara.legistar.com/View.ashx?M=A&ID=659200&GUID=7962596A-F2C3-42A1-A817-8A8A12DB7E38,Agenda
228,Santa Clara,1/8/2019,Salary Setting Commission,pdf,https://santaclara.legistar.com/View.ashx?M=M&ID=659200&GUID=7962596A-F2C3-42A1-A817-8A8A12DB7E38,Minutes
229,Santa Clara,1/8/2019,Youth Commission,pdf,https://santaclara.legistar.com/View.ashx?M=A&ID=661825&GUID=6D1C1ED5-D23C-4578-A718-D2AF565BC446,Agenda
230,Santa Clara,1/8/2019,Youth Commission,pdf,https://santaclara.legistar.com/View.ashx?M=M&ID=661825&GUID=6D1C1ED5-D23C-4578-A718-D2AF565BC446,Minutes
231,Santa Clara,1/7/2019,Cultural Commission,pdf,https://santaclara.legistar.com/View.ashx?M=A&ID=654998&GUID=A2F1D9CC-BC31-4DBB-B2B8-92F3C1B70794,Agenda
232,Santa Clara,1/7/2019,Cultural Commission,pdf,https://santaclara.legistar.com/View.ashx?M=M&ID=654998&GUID=A2F1D9CC-BC31-4DBB-B2B8-92F3C1B70794,Minutes
233,Santa Clara,1/3/2019,Historical & Landmarks Commission,pdf,https://santaclara.legistar.com/View.ashx?M=A&ID=642516&GUID=7B5A2E0D-79DC-4E2A-8085-82769BB1BE33,Agenda
234,Santa Clara,1/3/2019,Historical & Landmarks Commission,pdf,https://santaclara.legistar.com/View.ashx?M=M&ID=642516&GUID=7B5A2E0D-79DC-4E2A-8085-82769BB1BE33,Minutes
235,Santa Clara,12/29/2018,Council and Authorities Concurrent Meeting,pdf,https://santaclara.legistar.com/View.ashx?M=A&ID=662566&GUID=DD2E8B2A-1A2C-4B50-9B07-D275617014ED,Agenda
236,Santa Clara,12/20/2018,Council and Authorities Concurrent Meeting,pdf,https://santaclara.legistar.com/View.ashx?M=A&ID=661081&GUID=44AEB959-DC99-4FDA-B9F5-605082AD177F,Agenda
237,Santa Clara,12/20/2018,Council and Authorities Concurrent Meeting,pdf,https://santaclara.legistar.com/View.ashx?M=M&ID=661081&GUID=44AEB959-DC99-4FDA-B9F5-605082AD177F,Minutes
238,Santa Clara,12/18/2018,Council and Authorities Concurrent Meeting,pdf,https://santaclara.legistar.com/View.ashx?M=A&ID=590752&GUID=77A1A2E5-7028-4402-914F-291A72443C42,Agenda
239,Santa Clara,12/18/2018,Council and Authorities Concurrent Meeting,pdf,https://santaclara.legistar.com/View.ashx?M=M&ID=590752&GUID=77A1A2E5-7028-4402-914F-291A72443C42,Minutes
240,Santa Clara,12/18/2018,Parks & Recreation Commission,pdf,https://santaclara.legistar.com/View.ashx?M=A&ID=656839&GUID=BE9AA99A-4FD8-4FFB-A31A-85FAB7356B62,Agenda
241,Santa Clara,12/18/2018,Parks & Recreation Commission,pdf,https://santaclara.legistar.com/View.ashx?M=M&ID=656839&GUID=BE9AA99A-4FD8-4FFB-A31A-85FAB7356B62,Minutes
242,Santa Clara,12/13/2018,Marketing Committee,pdf,https://santaclara.legistar.com/View.ashx?M=A&ID=660931&GUID=4A98413D-4786-4BD2-BDDC-B2A00D01A6E7,Agenda
243,Santa Clara,12/13/2018,Council and Authorities Concurrent Meeting,pdf,https://santaclara.legistar.com/View.ashx?M=A&ID=641386&GUID=4BC09197-BA2A-49F6-A8C5-1F2585C43DAE,Agenda
244,Santa Clara,12/13/2018,Council and Authorities Concurrent Meeting,pdf,https://santaclara.legistar.com/View.ashx?M=M&ID=641386&GUID=4BC09197-BA2A-49F6-A8C5-1F2585C43DAE,Minutes
245,Santa Clara,12/12/2018,Planning Commission,pdf,https://santaclara.legistar.com/View.ashx?M=A&ID=590999&GUID=00D0E03E-8994-463E-9D1E-9093479EB15E,Agenda
246,Santa Clara,12/12/2018,Planning Commission,pdf,https://santaclara.legistar.com/View.ashx?M=M&ID=590999&GUID=00D0E03E-8994-463E-9D1E-9093479EB15E,Minutes
247,Santa Clara,12/11/2018,Youth Commission,pdf,https://santaclara.legistar.com/View.ashx?M=A&ID=654844&GUID=8CF13253-62F2-4960-B225-33B90752C402,Agenda
248,Santa Clara,12/11/2018,Youth Commission,pdf,https://santaclara.legistar.com/View.ashx?M=M&ID=654844&GUID=8CF13253-62F2-4960-B225-33B90752C402,Minutes
249,Santa Clara,12/11/2018,Council and Authorities Concurrent Meeting,pdf,https://santaclara.legistar.com/View.ashx?M=A&ID=590788&GUID=6B382CD1-C650-4C08-8401-051E0BDB0831,Agenda
250,Santa Clara,12/11/2018,Council and Authorities Concurrent Meeting,pdf,https://santaclara.legistar.com/View.ashx?M=M&ID=590788&GUID=6B382CD1-C650-4C08-8401-051E0BDB0831,Minutes
251,Santa Clara,12/10/2018,Governance and Ethics Committee,pdf,https://santaclara.legistar.com/View.ashx?M=A&ID=648790&GUID=2E0FA603-05FB-4E83-AC18-DB0F75235DAC,Agenda
252,Santa Clara,12/6/2018,Historical & Landmarks Commission,pdf,https://santaclara.legistar.com/View.ashx?M=A&ID=606197&GUID=F2E28CE7-06A6-44DD-A1D7-302636C0A638,Agenda
253,Santa Clara,12/5/2018,City-School Liaison Committee,pdf,https://santaclara.legistar.com/View.ashx?M=A&ID=657406&GUID=80A5D684-DBE4-48F9-AA28-A9C962A6E8A1,Agenda
254,Santa Clara,12/5/2018,City-School Liaison Committee,pdf,https://santaclara.legistar.com/View.ashx?M=M&ID=657406&GUID=80A5D684-DBE4-48F9-AA28-A9C962A6E8A1,Minutes
255,Santa Clara,12/4/2018,Council and Authorities Concurrent Meeting,pdf,https://santaclara.legistar.com/View.ashx?M=A&ID=590786&GUID=190F0352-456E-44AD-A94C-490E6C0C8836,Agenda
256,Santa Clara,12/4/2018,Council and Authorities Concurrent Meeting,pdf,https://santaclara.legistar.com/View.ashx?M=M&ID=590786&GUID=190F0352-456E-44AD-A94C-490E6C0C8836,Minutes
257,Santa Clara,12/3/2018,Cultural Commission,pdf,https://santaclara.legistar.com/View.ashx?M=A&ID=639963&GUID=52E6A510-CD65-47CE-A670-EF268E53C2B5,Agenda
258,Santa Clara,12/3/2018,Cultural Commission,pdf,https://santaclara.legistar.com/View.ashx?M=M&ID=639963&GUID=52E6A510-CD65-47CE-A670-EF268E53C2B5,Minutes
259,Santa Clara,12/3/2018,Board of Library Trustees,pdf,https://santaclara.legistar.com/View.ashx?M=A&ID=604718&GUID=F78345A9-6873-4183-BF39-D59598D4191A,Agenda
260,Santa Clara,12/3/2018,Board of Library Trustees,pdf,https://santaclara.legistar.com/View.ashx?M=M&ID=604718&GUID=F78345A9-6873-4183-BF39-D59598D4191A,Minutes
261,Santa Clara,12/3/2018,Ethics Committee,pdf,https://santaclara.legistar.com/View.ashx?M=A&ID=655164&GUID=77F1AA70-16ED-49C8-A319-A86ABCA436EA,Agenda
262,Santa Clara,12/3/2018,Audit Committee,pdf,https://santaclara.legistar.com/View.ashx?M=A&ID=647238&GUID=027620DD-D089-43B7-A73E-11AD2EB7FC7B,Agenda
263,Santa Clara,12/3/2018,Audit Committee,pdf,https://santaclara.legistar.com/View.ashx?M=M&ID=647238&GUID=027620DD-D089-43B7-A73E-11AD2EB7FC7B,Minutes
264,Santa Clara,11/29/2018,Council and Authorities Concurrent Meeting,pdf,https://santaclara.legistar.com/View.ashx?M=A&ID=652173&GUID=01FEE4D0-60D5-47D2-9253-3CEF0C6816ED,Agenda
265,Santa Clara,11/29/2018,Council and Authorities Concurrent Meeting,pdf,https://santaclara.legistar.com/View.ashx?M=M&ID=652173&GUID=01FEE4D0-60D5-47D2-9253-3CEF0C6816ED,Minutes
266,Santa Clara,11/28/2018,Planning Commission,pdf,https://santaclara.legistar.com/View.ashx?M=A&ID=590998&GUID=F92025B5-31C1-4BAD-828C-61FD4DAD33DE,Agenda
267,Santa Clara,11/28/2018,Planning Commission,pdf,https://santaclara.legistar.com/View.ashx?M=M&ID=590998&GUID=F92025B5-31C1-4BAD-828C-61FD4DAD33DE,Minutes
268,Santa Clara,11/27/2018,Council and Authorities Concurrent Meeting,pdf,https://santaclara.legistar.com/View.ashx?M=A&ID=590784&GUID=543B52D8-DD83-4AC9-900E-FEB25965A46E,Agenda
269,Santa Clara,11/27/2018,Council and Authorities Concurrent Meeting,pdf,https://santaclara.legistar.com/View.ashx?M=M&ID=590784&GUID=543B52D8-DD83-4AC9-900E-FEB25965A46E,Minutes
270,Santa Clara,11/26/2018,Senior Advisory Commission,pdf,https://santaclara.legistar.com/View.ashx?M=A&ID=605755&GUID=D4669EE1-BA86-4E2F-9881-CD3ABFD16178,Agenda
271,Santa Clara,11/26/2018,Senior Advisory Commission,pdf,https://santaclara.legistar.com/View.ashx?M=M&ID=605755&GUID=D4669EE1-BA86-4E2F-9881-CD3ABFD16178,Minutes
272,Santa Clara,11/21/2018,Marketing Committee,pdf,https://santaclara.legistar.com/View.ashx?M=A&ID=651520&GUID=1A414EAF-5F6F-4778-AE28-BA167A8EDA04,Agenda
273,Santa Clara,11/20/2018,Parks & Recreation Commission,pdf,https://santaclara.legistar.com/View.ashx?M=A&ID=651848&GUID=8169F832-0A4C-486E-A01D-8D8FB0263183,Agenda
274,Santa Clara,11/20/2018,Parks & Recreation Commission,pdf,https://santaclara.legistar.com/View.ashx?M=M&ID=651848&GUID=8169F832-0A4C-486E-A01D-8D8FB0263183,Minutes
275,Santa Clara,11/19/2018,Civil Service Commission,pdf,https://santaclara.legistar.com/View.ashx?M=A&ID=603162&GUID=BFADEF2A-B2E3-4F8C-98F4-3A7CF7369F0A,Agenda
276,Santa Clara,11/19/2018,Civil Service Commission,pdf,https://santaclara.legistar.com/View.ashx?M=M&ID=603162&GUID=BFADEF2A-B2E3-4F8C-98F4-3A7CF7369F0A,Minutes
277,Santa Clara,11/15/2018,Council and Authorities Concurrent Meeting,pdf,https://santaclara.legistar.com/View.ashx?M=A&ID=649649&GUID=5245A0B3-6B6F-49A7-820E-7C40036B82B4,Agenda
278,Santa Clara,11/15/2018,Council and Authorities Concurrent Meeting,pdf,https://santaclara.legistar.com/View.ashx?M=M&ID=649649&GUID=5245A0B3-6B6F-49A7-820E-7C40036B82B4,Minutes
279,Santa Clara,11/14/2018,Planning Commission,pdf,https://santaclara.legistar.com/View.ashx?M=A&ID=590997&GUID=6D9EEE24-B8AB-4AB1-A6ED-62E9493E8A98,Agenda
280,Santa Clara,11/14/2018,Planning Commission,pdf,https://santaclara.legistar.com/View.ashx?M=M&ID=590997&GUID=6D9EEE24-B8AB-4AB1-A6ED-62E9493E8A98,Minutes
281,Santa Clara,11/13/2018,Youth Commission,pdf,https://santaclara.legistar.com/View.ashx?M=A&ID=605769&GUID=FAE547AE-9115-4466-A0CC-510DE726E6F1,Agenda
282,Santa Clara,11/13/2018,Youth Commission,pdf,https://santaclara.legistar.com/View.ashx?M=M&ID=605769&GUID=FAE547AE-9115-4466-A0CC-510DE726E6F1,Minutes
283,Santa Clara,11/13/2018,Council and Authorities Concurrent Meeting,pdf,https://santaclara.legistar.com/View.ashx?M=A&ID=590782&GUID=E2F3A013-D2B5-46A8-AAE1-CC32250B5BFF,Agenda
284,Santa Clara,11/13/2018,Council and Authorities Concurrent Meeting,pdf,https://santaclara.legistar.com/View.ashx?M=M&ID=590782&GUID=E2F3A013-D2B5-46A8-AAE1-CC32250B5BFF,Minutes
285,Santa Clara,11/12/2018,Governance and Ethics Committee,pdf,https://santaclara.legistar.com/View.ashx?M=A&ID=648789&GUID=890403E3-C9D1-48EC-814A-87B82E55DEFB,Agenda
286,Santa Clara,11/5/2018,Cultural Commission,pdf,https://santaclara.legistar.com/View.ashx?M=A&ID=639962&GUID=A227010B-9B1D-45E5-9E31-A341692F19B8,Agenda
287,Santa Clara,11/5/2018,Cultural Commission,pdf,https://santaclara.legistar.com/View.ashx?M=M&ID=639962&GUID=A227010B-9B1D-45E5-9E31-A341692F19B8,Minutes
288,Santa Clara,11/5/2018,Board of Library Trustees,pdf,https://santaclara.legistar.com/View.ashx?M=A&ID=604719&GUID=4CA15A7A-6754-4E4D-85DD-22472D5DE97C,Agenda
289,Santa Clara,11/5/2018,Board of Library Trustees,pdf,https://santaclara.legistar.com/View.ashx?M=M&ID=604719&GUID=4CA15A7A-6754-4E4D-85DD-22472D5DE97C,Minutes
290,Santa Clara,11/1/2018,Historical & Landmarks Commission,pdf,https://santaclara.legistar.com/View.ashx?M=A&ID=606196&GUID=3C0DD2D0-5B1B-4C9D-8F7E-AF3A0192610C,Agenda
291,Santa Clara,11/1/2018,Historical & Landmarks Commission,pdf,https://santaclara.legistar.com/View.ashx?M=M&ID=606196&GUID=3C0DD2D0-5B1B-4C9D-8F7E-AF3A0192610C,Minutes
292,Santa Clara,10/29/2018,Ad-Hoc Stadium Audit Committee,pdf,https://santaclara.legistar.com/View.ashx?M=A&ID=642187&GUID=F7A3635F-107D-4EB4-9DD8-1195911F0814,Agenda
293,Santa Clara,10/25/2018,Civil Service Commission,pdf,https://santaclara.legistar.com/View.ashx?M=A&ID=640875&GUID=1A8A5E74-D16B-42E9-8F9B-8EFB94092C80,Agenda
294,Santa Clara,10/25/2018,Civil Service Commission,pdf,https://santaclara.legistar.com/View.ashx?M=M&ID=640875&GUID=1A8A5E74-D16B-42E9-8F9B-8EFB94092C80,Minutes
295,Santa Clara,10/24/2018,Planning Commission,pdf,https://santaclara.legistar.com/View.ashx?M=A&ID=590996&GUID=7F0D78A5-BE13-4D40-B3B9-7020B62A884F,Agenda
296,Santa Clara,10/24/2018,Planning Commission,pdf,https://santaclara.legistar.com/View.ashx?M=M&ID=590996&GUID=7F0D78A5-BE13-4D40-B3B9-7020B62A884F,Minutes
297,Santa Clara,10/22/2018,Senior Advisory Commission,pdf,https://santaclara.legistar.com/View.ashx?M=A&ID=605754&GUID=7B491C4E-A55F-4711-8074-15C62C771003,Agenda
298,Santa Clara,10/22/2018,Senior Advisory Commission,pdf,https://santaclara.legistar.com/View.ashx?M=M&ID=605754&GUID=7B491C4E-A55F-4711-8074-15C62C771003,Minutes
299,Santa Clara,10/20/2018,Council and Authorities Concurrent Meeting,pdf,https://santaclara.legistar.com/View.ashx?M=A&ID=644466&GUID=4C449C75-C778-4FE0-BB67-F80409167B8C,Agenda
300,Santa Clara,10/17/2018,Marketing Committee,pdf,https://santaclara.legistar.com/View.ashx?M=A&ID=643518&GUID=CA27F3A6-BF3E-4CEA-9BC2-8EDE046C8CFB,Agenda
301,Santa Clara,10/16/2018,Parks & Recreation Commission,pdf,https://santaclara.legistar.com/View.ashx?M=A&ID=605770&GUID=B71054C4-A369-4976-ABA4-BD72BA3C3407,Agenda
302,Santa Clara,10/16/2018,Parks & Recreation Commission,pdf,https://santaclara.legistar.com/View.ashx?M=M&ID=605770&GUID=B71054C4-A369-4976-ABA4-BD72BA3C3407,Minutes
303,Santa Clara,10/16/2018,Council and Authorities Concurrent Meeting,pdf,https://santaclara.legistar.com/View.ashx?M=A&ID=640686&GUID=75BAFBA5-5FF2-4742-85D0-5A403382EA46,Agenda
304,Santa Clara,10/16/2018,Council and Authorities Concurrent Meeting,pdf,https://santaclara.legistar.com/View.ashx?M=M&ID=640686&GUID=75BAFBA5-5FF2-4742-85D0-5A403382EA46,Minutes
305,Santa Clara,10/11/2018,Ad-Hoc Facilities Naming and Honorary Recognition Committee,pdf,https://santaclara.legistar.com/View.ashx?M=A&ID=631404&GUID=8D43ECD8-9F78-46F1-9B4F-64CD1FF9215F,Agenda
306,Santa Clara,10/10/2018,Planning Commission,pdf,https://santaclara.legistar.com/View.ashx?M=A&ID=590995&GUID=8C5BC736-2446-4341-BCB6-285DF81792F4,Agenda
307,Santa Clara,10/9/2018,Youth Commission,pdf,https://santaclara.legistar.com/View.ashx?M=A&ID=605759&GUID=0EFA9624-AEC2-4C00-9737-409A358449F1,Agenda
308,Santa Clara,10/9/2018,Youth Commission,pdf,https://santaclara.legistar.com/View.ashx?M=M&ID=605759&GUID=0EFA9624-AEC2-4C00-9737-409A358449F1,Minutes
309,Santa Clara,10/9/2018,Council and Authorities Concurrent Meeting,pdf,https://santaclara.legistar.com/View.ashx?M=A&ID=590779&GUID=EFD1FCD9-0649-481B-AAF2-C9F059B81E39,Agenda
310,Santa Clara,10/9/2018,Council and Authorities Concurrent Meeting,pdf,https://santaclara.legistar.com/View.ashx?M=M&ID=590779&GUID=EFD1FCD9-0649-481B-AAF2-C9F059B81E39,Minutes
311,Santa Clara,10/8/2018,Governance and Ethics Committee,pdf,https://santaclara.legistar.com/View.ashx?M=A&ID=641457&GUID=3D09893D-C323-414A-862A-4B7ED9FFC36E,Agenda
312,Santa Clara,10/4/2018,Historical & Landmarks Commission,pdf,https://santaclara.legistar.com/View.ashx?M=A&ID=616043&GUID=F4AEE0F7-4697-481A-ADD2-5459EFA29A95,Agenda
313,Santa Clara,10/4/2018,Historical & Landmarks Commission,pdf,https://santaclara.legistar.com/View.ashx?M=M&ID=616043&GUID=F4AEE0F7-4697-481A-ADD2-5459EFA29A95,Minutes
314,Santa Clara,10/3/2018,City-School Liaison Committee,pdf,https://santaclara.legistar.com/View.ashx?M=A&ID=657397&GUID=981B0088-3D2F-4E44-B141-836F0194F677,Agenda
315,Santa Clara,10/3/2018,City-School Liaison Committee,pdf,https://santaclara.legistar.com/View.ashx?M=M&ID=657397&GUID=981B0088-3D2F-4E44-B141-836F0194F677,Minutes
316,Santa Clara,10/2/2018,Council and Authorities Concurrent Meeting,pdf,https://santaclara.legistar.com/View.ashx?M=A&ID=638509&GUID=578F8B04-7536-470C-902B-6C418C64DCB7,Agenda
317,Santa Clara,10/2/2018,Council and Authorities Concurrent Meeting,pdf,https://santaclara.legistar.com/View.ashx?M=M&ID=638509&GUID=578F8B04-7536-470C-902B-6C418C64DCB7,Minutes
318,Santa Clara,10/1/2018,Cultural Commission,pdf,https://santaclara.legistar.com/View.ashx?M=A&ID=639961&GUID=7B139B3C-5D43-41DF-BFD4-B89CB0ABFB52,Agenda
319,Santa Clara,10/1/2018,Cultural Commission,pdf,https://santaclara.legistar.com/View.ashx?M=M&ID=639961&GUID=7B139B3C-5D43-41DF-BFD4-B89CB0ABFB52,Minutes
320,Santa Clara,10/1/2018,Board of Library Trustees,pdf,https://santaclara.legistar.com/View.ashx?M=A&ID=604721&GUID=87C03506-078F-42A5-B966-15B8A087C7D2,Agenda
321,Santa Clara,10/1/2018,Board of Library Trustees,pdf,https://santaclara.legistar.com/View.ashx?M=M&ID=604721&GUID=87C03506-078F-42A5-B966-15B8A087C7D2,Minutes
322,Santa Clara,9/26/2018,Planning Commission,pdf,https://santaclara.legistar.com/View.ashx?M=A&ID=621005&GUID=7E6341B4-33CB-4559-9B0E-69BAE5B241CC,Agenda
323,Santa Clara,9/26/2018,Planning Commission,pdf,https://santaclara.legistar.com/View.ashx?M=M&ID=621005&GUID=7E6341B4-33CB-4559-9B0E-69BAE5B241CC,Minutes
324,Santa Clara,9/24/2018,Civil Service Commission,pdf,https://santaclara.legistar.com/View.ashx?M=A&ID=639412&GUID=2CF57DC1-63B8-462C-8E19-9EB253E93267,Agenda
325,Santa Clara,9/24/2018,Civil Service Commission,pdf,https://santaclara.legistar.com/View.ashx?M=M&ID=639412&GUID=2CF57DC1-63B8-462C-8E19-9EB253E93267,Minutes
326,Santa Clara,9/24/2018,Senior Advisory Commission,pdf,https://santaclara.legistar.com/View.ashx?M=A&ID=605753&GUID=F05EBEEC-4D3D-40B8-89F8-9D342A06471C,Agenda
327,Santa Clara,9/24/2018,Senior Advisory Commission,pdf,https://santaclara.legistar.com/View.ashx?M=M&ID=605753&GUID=F05EBEEC-4D3D-40B8-89F8-9D342A06471C,Minutes
328,Santa Clara,9/19/2018,Marketing Committee,pdf,https://santaclara.legistar.com/View.ashx?M=A&ID=638514&GUID=8D1AE791-74B9-4EF2-B5FB-B7360DAF956E,Agenda
329,Santa Clara,9/18/2018,Parks & Recreation Commission,pdf,https://santaclara.legistar.com/View.ashx?M=A&ID=627518&GUID=BEA19829-44D3-43EF-9048-16E2D526F3B3,Agenda
330,Santa Clara,9/18/2018,Parks & Recreation Commission,pdf,https://santaclara.legistar.com/View.ashx?M=M&ID=627518&GUID=BEA19829-44D3-43EF-9048-16E2D526F3B3,Minutes
331,Santa Clara,9/18/2018,Council and Authorities Concurrent Meeting,pdf,https://santaclara.legistar.com/View.ashx?M=A&ID=590776&GUID=474E8225-1951-4957-9751-FF35C56FAB1A,Agenda
332,Santa Clara,9/18/2018,Council and Authorities Concurrent Meeting,pdf,https://santaclara.legistar.com/View.ashx?M=M&ID=590776&GUID=474E8225-1951-4957-9751-FF35C56FAB1A,Minutes
333,Santa Clara,9/17/2018,Civil Service Commission,pdf,https://santaclara.legistar.com/View.ashx?M=A&ID=603161&GUID=A14E4BED-B9D2-4B7A-8EBA-F895501444E6,Agenda
334,Santa Clara,9/17/2018,Civil Service Commission,pdf,https://santaclara.legistar.com/View.ashx?M=M&ID=603161&GUID=A14E4BED-B9D2-4B7A-8EBA-F895501444E6,Minutes
335,Santa Clara,9/12/2018,Planning Commission,pdf,https://santaclara.legistar.com/View.ashx?M=A&ID=590988&GUID=B0168263-3694-42D8-BEB0-292729DD6B36,Agenda
336,Santa Clara,9/11/2018,Youth Commission,pdf,https://santaclara.legistar.com/View.ashx?M=A&ID=605761&GUID=BDEC5828-D4B7-4C57-92D8-EF81777F9BC0,Agenda
337,Santa Clara,9/11/2018,Youth Commission,pdf,https://santaclara.legistar.com/View.ashx?M=M&ID=605761&GUID=BDEC5828-D4B7-4C57-92D8-EF81777F9BC0,Minutes
338,Santa Clara,9/11/2018,Council and Authorities Concurrent Meeting,pdf,https://santaclara.legistar.com/View.ashx?M=A&ID=620920&GUID=DDBBA03E-0761-4DF9-8E88-2E9C2DA24D6D,Agenda
339,Santa Clara,9/11/2018,Council and Authorities Concurrent Meeting,pdf,https://santaclara.legistar.com/View.ashx?M=M&ID=620920&GUID=DDBBA03E-0761-4DF9-8E88-2E9C2DA24D6D,Minutes
340,Santa Clara,9/10/2018,Governance and Ethics Committee,pdf,https://santaclara.legistar.com/View.ashx?M=A&ID=607357&GUID=A2B6D1A0-8CD2-4F2D-B5B6-2E7F1ED2C632,Agenda
341,Santa Clara,9/6/2018,Historical & Landmarks Commission,pdf,https://santaclara.legistar.com/View.ashx?M=A&ID=590987&GUID=2109E909-DC71-439E-BED2-F8979BB1338E,Agenda
342,Santa Clara,9/6/2018,Historical & Landmarks Commission,pdf,https://santaclara.legistar.com/View.ashx?M=M&ID=590987&GUID=2109E909-DC71-439E-BED2-F8979BB1338E,Minutes
343,Santa Clara,9/5/2018,Council and Authorities Concurrent Meeting,pdf,https://santaclara.legistar.com/View.ashx?M=A&ID=631509&GUID=33944BDD-A979-4DEE-A907-C1DCAEE7213F,Agenda
344,Santa Clara,9/5/2018,Council and Authorities Concurrent Meeting,pdf,https://santaclara.legistar.com/View.ashx?M=M&ID=631509&GUID=33944BDD-A979-4DEE-A907-C1DCAEE7213F,Minutes
345,Santa Clara,9/5/2018,City-School Liaison Committee,pdf,https://santaclara.legistar.com/View.ashx?M=A&ID=631351&GUID=D053BE77-70E5-4CA4-80DF-9B01E52DB71E,Agenda
346,Santa Clara,9/5/2018,City-School Liaison Committee,pdf,https://santaclara.legistar.com/View.ashx?M=M&ID=631351&GUID=D053BE77-70E5-4CA4-80DF-9B01E52DB71E,Minutes
347,Santa Clara,8/28/2018,Youth Commission,pdf,https://santaclara.legistar.com/View.ashx?M=A&ID=625005&GUID=1C50ADCF-CC84-4059-BB8D-2811F9CCD5C8,Agenda
348,Santa Clara,8/28/2018,Youth Commission,pdf,https://santaclara.legistar.com/View.ashx?M=M&ID=625005&GUID=1C50ADCF-CC84-4059-BB8D-2811F9CCD5C8,Minutes
349,Santa Clara,8/28/2018,Council and Authorities Concurrent Meeting,pdf,https://santaclara.legistar.com/View.ashx?M=A&ID=590773&GUID=3AB0B797-0EDE-4136-9513-3801FD3A18A0,Agenda
350,Santa Clara,8/28/2018,Council and Authorities Concurrent Meeting,pdf,https://santaclara.legistar.com/View.ashx?M=M&ID=590773&GUID=3AB0B797-0EDE-4136-9513-3801FD3A18A0,Minutes
351,Santa Clara,8/27/2018,Audit Committee,pdf,https://santaclara.legistar.com/View.ashx?M=A&ID=624974&GUID=598C29B5-E001-4B3C-B211-DC66C8B19639,Agenda
352,Santa Clara,8/27/2018,Audit Committee,pdf,https://santaclara.legistar.com/View.ashx?M=M&ID=624974&GUID=598C29B5-E001-4B3C-B211-DC66C8B19639,Minutes
353,Santa Clara,8/27/2018,Senior Advisory Commission,pdf,https://santaclara.legistar.com/View.ashx?M=A&ID=605752&GUID=3FCE57BF-1F26-4F83-B829-DBD17F2F1FBD,Agenda
354,Santa Clara,8/27/2018,Senior Advisory Commission,pdf,https://santaclara.legistar.com/View.ashx?M=M&ID=605752&GUID=3FCE57BF-1F26-4F83-B829-DBD17F2F1FBD,Minutes
355,Santa Clara,8/23/2018,Santa Clara Stadium Authority,pdf,https://santaclara.legistar.com/View.ashx?M=A&ID=621491&GUID=71A1A4B3-A131-4A60-BE53-6517EEA80667,Agenda
356,Santa Clara,8/22/2018,Planning Commission,pdf,https://santaclara.legistar.com/View.ashx?M=A&ID=613678&GUID=FB139C2F-31CB-4DB7-AD37-ADF15F7DBBDC,Agenda
357,Santa Clara,8/22/2018,Planning Commission,pdf,https://santaclara.legistar.com/View.ashx?M=M&ID=613678&GUID=FB139C2F-31CB-4DB7-AD37-ADF15F7DBBDC,Minutes
358,Santa Clara,8/21/2018,Parks & Recreation Commission,pdf,https://santaclara.legistar.com/View.ashx?M=A&ID=590989&GUID=B953DEDA-1729-4645-8542-4E09B34BB8B1,Agenda
359,Santa Clara,8/21/2018,Parks & Recreation Commission,pdf,https://santaclara.legistar.com/View.ashx?M=M&ID=590989&GUID=B953DEDA-1729-4645-8542-4E09B34BB8B1,Minutes
360,Santa Clara,8/21/2018,Council and Authorities Concurrent Meeting,pdf,https://santaclara.legistar.com/View.ashx?M=A&ID=590772&GUID=E673BB47-AA16-43AE-8092-89A4EB4326FF,Agenda
361,Santa Clara,8/21/2018,Council and Authorities Concurrent Meeting,pdf,https://santaclara.legistar.com/View.ashx?M=M&ID=590772&GUID=E673BB47-AA16-43AE-8092-89A4EB4326FF,Minutes
362,Santa Clara,8/15/2018,Marketing Committee,pdf,https://santaclara.legistar.com/View.ashx?M=A&ID=614790&GUID=9CB35E22-2E40-46D7-9764-7152D21590FE,Agenda
363,Santa Clara,8/13/2018,Governance and Ethics Committee,pdf,https://santaclara.legistar.com/View.ashx?M=A&ID=607356&GUID=D792EAE2-0F37-4ED9-B199-5402DE1AB6F8,Agenda
364,Santa Clara,8/8/2018,Planning Commission,pdf,https://santaclara.legistar.com/View.ashx?M=A&ID=590986&GUID=A82DA032-7786-484F-88EB-A65F5F64CC1B,Agenda
365,Santa Clara,8/8/2018,Planning Commission,pdf,https://santaclara.legistar.com/View.ashx?M=M&ID=590986&GUID=A82DA032-7786-484F-88EB-A65F5F64CC1B,Minutes
366,Santa Clara,8/7/2018,Council and Authorities Concurrent Meeting,pdf,https://santaclara.legistar.com/View.ashx?M=A&ID=619651&GUID=BA6C8339-1A6B-4FDC-9EC2-46AA7C8A5023,Agenda
367,Santa Clara,8/7/2018,Council and Authorities Concurrent Meeting,pdf,https://santaclara.legistar.com/View.ashx?M=M&ID=619651&GUID=BA6C8339-1A6B-4FDC-9EC2-46AA7C8A5023,Minutes
368,Santa Clara,8/6/2018,Cultural Commission,pdf,https://santaclara.legistar.com/View.ashx?M=A&ID=609786&GUID=DFBF8750-C0F4-4B26-B73C-8AD2DCD531E6,Agenda
369,Santa Clara,8/6/2018,Cultural Commission,pdf,https://santaclara.legistar.com/View.ashx?M=M&ID=609786&GUID=DFBF8750-C0F4-4B26-B73C-8AD2DCD531E6,Minutes
370,Santa Clara,8/6/2018,Board of Library Trustees,pdf,https://santaclara.legistar.com/View.ashx?M=A&ID=604720&GUID=CD01DD32-B5BE-4A31-ADAF-8DC2CF64CEBE,Agenda
371,Santa Clara,8/6/2018,Board of Library Trustees,pdf,https://santaclara.legistar.com/View.ashx?M=M&ID=604720&GUID=CD01DD32-B5BE-4A31-ADAF-8DC2CF64CEBE,Minutes
372,Santa Clara,8/2/2018,Historical & Landmarks Commission,pdf,https://santaclara.legistar.com/View.ashx?M=A&ID=606193&GUID=04549B49-0669-4A89-B6A2-E9FF12437E4E,Agenda
373,Santa Clara,7/25/2018,Planning Commission,pdf,https://santaclara.legistar.com/View.ashx?M=A&ID=606195&GUID=C9BFB248-90E5-4EE9-A2B2-8D67151C5A09,Agenda
374,Santa Clara,7/24/2018,Council and Authorities Concurrent Meeting,pdf,https://santaclara.legistar.com/View.ashx?M=A&ID=617678&GUID=5EE316AD-1557-4808-888F-4C024AAF1AF7,Agenda
375,Santa Clara,7/24/2018,Council and Authorities Concurrent Meeting,pdf,https://santaclara.legistar.com/View.ashx?M=M&ID=617678&GUID=5EE316AD-1557-4808-888F-4C024AAF1AF7,Minutes
376,Santa Clara,7/23/2018,Senior Advisory Commission,pdf,https://santaclara.legistar.com/View.ashx?M=A&ID=605751&GUID=1336A4D6-D6B1-422F-9DF8-190B8A7C6916,Agenda
377,Santa Clara,7/23/2018,Senior Advisory Commission,pdf,https://santaclara.legistar.com/View.ashx?M=M&ID=605751&GUID=1336A4D6-D6B1-422F-9DF8-190B8A7C6916,Minutes
378,Santa Clara,7/23/2018,Council and Authorities Concurrent Meeting,pdf,https://santaclara.legistar.com/View.ashx?M=A&ID=617779&GUID=1028A037-97FE-487C-8C58-4AF346E47F8C,Agenda
379,Santa Clara,7/23/2018,Council and Authorities Concurrent Meeting,pdf,https://santaclara.legistar.com/View.ashx?M=M&ID=617779&GUID=1028A037-97FE-487C-8C58-4AF346E47F8C,Minutes
380,Santa Clara,7/20/2018,Council and Authorities Concurrent Meeting,pdf,https://santaclara.legistar.com/View.ashx?M=A&ID=617576&GUID=8D2046B6-FD08-486C-A9E4-BD3FA0C05A7C,Agenda
381,Santa Clara,7/20/2018,Council and Authorities Concurrent Meeting,pdf,https://santaclara.legistar.com/View.ashx?M=M&ID=617576&GUID=8D2046B6-FD08-486C-A9E4-BD3FA0C05A7C,Minutes
382,Santa Clara,7/20/2018,Oversight Board Committee,pdf,https://santaclara.legistar.com/View.ashx?M=A&ID=614063&GUID=D47E703C-85F0-4889-B87E-5ABBBFD8CBF9,Agenda
383,Santa Clara,7/19/2018,Santa Clara Stadium Authority,pdf,https://santaclara.legistar.com/View.ashx?M=A&ID=614789&GUID=A5A3407B-E29D-4BC7-A203-791C46AEFE99,Agenda
384,Santa Clara,7/18/2018,Marketing Committee,pdf,https://santaclara.legistar.com/View.ashx?M=A&ID=614787&GUID=A55A9EC5-A8DE-4528-A718-118AA2CD9A07,Agenda
385,Santa Clara,7/17/2018,Parks & Recreation Commission,pdf,https://santaclara.legistar.com/View.ashx?M=A&ID=605758&GUID=D1180836-3E8A-45E9-9847-970936F3147A,Agenda
386,Santa Clara,7/17/2018,Parks & Recreation Commission,pdf,https://santaclara.legistar.com/View.ashx?M=M&ID=605758&GUID=D1180836-3E8A-45E9-9847-970936F3147A,Minutes
387,Santa Clara,7/17/2018,Council and Authorities Concurrent Meeting,pdf,https://santaclara.legistar.com/View.ashx?M=A&ID=590769&GUID=04505C3A-936B-4336-A1F9-A4D2D035AA56,Agenda
388,Santa Clara,7/17/2018,Council and Authorities Concurrent Meeting,pdf,https://santaclara.legistar.com/View.ashx?M=M&ID=590769&GUID=04505C3A-936B-4336-A1F9-A4D2D035AA56,Minutes
389,Santa Clara,7/16/2018,Council and Authorities Concurrent Meeting,pdf,https://santaclara.legistar.com/View.ashx?M=A&ID=612851&GUID=73CE96B6-36E9-4412-9593-DD6C53856A4B,Agenda
390,Santa Clara,7/16/2018,Council and Authorities Concurrent Meeting,pdf,https://santaclara.legistar.com/View.ashx?M=M&ID=612851&GUID=73CE96B6-36E9-4412-9593-DD6C53856A4B,Minutes
391,Santa Clara,7/11/2018,Planning Commission,pdf,https://santaclara.legistar.com/View.ashx?M=A&ID=590984&GUID=5B967118-A689-4898-B229-2D3B7DE703E0,Agenda
392,Santa Clara,7/10/2018,Council and Authorities Concurrent Meeting,pdf,https://santaclara.legistar.com/View.ashx?M=A&ID=590770&GUID=455B3330-8E26-48B0-B141-AA9BFCE2F774,Agenda
393,Santa Clara,7/10/2018,Council and Authorities Concurrent Meeting,pdf,https://santaclara.legistar.com/View.ashx?M=M&ID=590770&GUID=455B3330-8E26-48B0-B141-AA9BFCE2F774,Minutes
394,Santa Clara,7/9/2018,Civil Service Commission,pdf,https://santaclara.legistar.com/View.ashx?M=A&ID=603160&GUID=A1D0EC88-60FB-48D4-B841-2B9E9BD821AA,Agenda
395,Santa Clara,7/9/2018,Civil Service Commission,pdf,https://santaclara.legistar.com/View.ashx?M=M&ID=603160&GUID=A1D0EC88-60FB-48D4-B841-2B9E9BD821AA,Minutes
396,Santa Clara,7/9/2018,Governance and Ethics Committee,pdf,https://santaclara.legistar.com/View.ashx?M=A&ID=607355&GUID=DB1D457C-8BFE-44DA-9008-DC3A47FD6EF7,Agenda
397,Santa Clara,7/5/2018,Historical & Landmarks Commission,pdf,https://santaclara.legistar.com/View.ashx?M=A&ID=606192&GUID=54B828FF-FA10-452A-B91F-28CCEC5F7FF4,Agenda
398,Santa Clara,7/5/2018,Council and Authorities Concurrent Meeting,pdf,https://santaclara.legistar.com/View.ashx?M=A&ID=612617&GUID=9E548DE3-4FC7-47FF-8B77-2D9FD8C55BA5,Agenda
399,Santa Clara,7/5/2018,Council and Authorities Concurrent Meeting,pdf,https://santaclara.legistar.com/View.ashx?M=M&ID=612617&GUID=9E548DE3-4FC7-47FF-8B77-2D9FD8C55BA5,Minutes
400,Santa Clara,7/5/2018,Council and Authorities Concurrent Meeting,pdf,https://santaclara.legistar.com/View.ashx?M=A&ID=613565&GUID=A6AF2B62-0F13-4FF6-A19D-EDEFF5F6F4B4,Agenda
401,Santa Clara,7/5/2018,Council and Authorities Concurrent Meeting,pdf,https://santaclara.legistar.com/View.ashx?M=M&ID=613565&GUID=A6AF2B62-0F13-4FF6-A19D-EDEFF5F6F4B4,Minutes
402,Santa Clara,7/2/2018,Cultural Commission,pdf,https://santaclara.legistar.com/View.ashx?M=A&ID=609784&GUID=4A4F07EC-9E48-4E9D-B3EC-E963540E0724,Agenda
403,Santa Clara,7/2/2018,Cultural Commission,pdf,https://santaclara.legistar.com/View.ashx?M=M&ID=609784&GUID=4A4F07EC-9E48-4E9D-B3EC-E963540E0724,Minutes
404,Santa Clara,7/2/2018,Board of Library Trustees,pdf,https://santaclara.legistar.com/View.ashx?M=A&ID=604717&GUID=400D90AF-35E0-453B-9802-0D7DCE6C15FC,Agenda
405,Santa Clara,7/2/2018,Board of Library Trustees,pdf,https://santaclara.legistar.com/View.ashx?M=M&ID=604717&GUID=400D90AF-35E0-453B-9802-0D7DCE6C15FC,Minutes
406,Santa Clara,6/29/2018,Oversight Board Committee,pdf,https://santaclara.legistar.com/View.ashx?M=A&ID=610797&GUID=61840573-E238-4E68-9EE2-00B9B022F4FD,Agenda
407,Santa Clara,6/27/2018,Planning Commission,pdf,https://santaclara.legistar.com/View.ashx?M=A&ID=590983&GUID=42545C3E-1153-4C63-AE40-B9293F223B0D,Agenda
408,Santa Clara,6/27/2018,Planning Commission,pdf,https://santaclara.legistar.com/View.ashx?M=M&ID=590983&GUID=42545C3E-1153-4C63-AE40-B9293F223B0D,Minutes
409,Santa Clara,6/26/2018,Council and Authorities Concurrent Meeting,pdf,https://santaclara.legistar.com/View.ashx?M=A&ID=590768&GUID=A1C42273-7658-4921-B43D-97B34DE6F65E,Agenda
410,Santa Clara,6/26/2018,Council and Authorities Concurrent Meeting,pdf,https://santaclara.legistar.com/View.ashx?M=M&ID=590768&GUID=A1C42273-7658-4921-B43D-97B34DE6F65E,Minutes
411,Santa Clara,6/25/2018,Senior Advisory Commission,pdf,https://santaclara.legistar.com/View.ashx?M=A&ID=605750&GUID=7959EAE5-AC45-4322-96C1-E56A17AAC48B,Agenda
412,Santa Clara,6/25/2018,Senior Advisory Commission,pdf,https://santaclara.legistar.com/View.ashx?M=M&ID=605750&GUID=7959EAE5-AC45-4322-96C1-E56A17AAC48B,Minutes
413,Santa Clara,6/21/2018,Council and Authorities Concurrent Meeting,pdf,https://santaclara.legistar.com/View.ashx?M=A&ID=611173&GUID=DBFA9184-D7DB-43B3-85AE-76C3173BA796,Agenda
414,Santa Clara,6/21/2018,Council and Authorities Concurrent Meeting,pdf,https://santaclara.legistar.com/View.ashx?M=M&ID=611173&GUID=DBFA9184-D7DB-43B3-85AE-76C3173BA796,Minutes
415,Santa Clara,6/21/2018,Council and Authorities Concurrent Meeting,pdf,https://santaclara.legistar.com/View.ashx?M=A&ID=611172&GUID=08A0B51E-C3BB-473A-822C-EB4447CD5285,Agenda
416,Santa Clara,6/21/2018,Council and Authorities Concurrent Meeting,pdf,https://santaclara.legistar.com/View.ashx?M=M&ID=611172&GUID=08A0B51E-C3BB-473A-822C-EB4447CD5285,Minutes
417,Santa Clara,6/19/2018,Parks & Recreation Commission,pdf,https://santaclara.legistar.com/View.ashx?M=A&ID=605757&GUID=4E356215-727C-46FC-AFAB-D27D57790D5F,Agenda
418,Santa Clara,6/19/2018,Parks & Recreation Commission,pdf,https://santaclara.legistar.com/View.ashx?M=M&ID=605757&GUID=4E356215-727C-46FC-AFAB-D27D57790D5F,Minutes
419,Santa Clara,6/19/2018,Santa Clara Stadium Authority,pdf,https://santaclara.legistar.com/View.ashx?M=A&ID=611442&GUID=69E7F5AD-18C5-4391-BC66-8F107F12A5BD,Agenda
420,Santa Clara,6/15/2018,Oversight Board Committee,pdf,https://santaclara.legistar.com/View.ashx?M=A&ID=610796&GUID=EA6D7994-48E3-4A6F-A90F-5B26FCB364A5,Agenda
421,Santa Clara,6/13/2018,Planning Commission,pdf,https://santaclara.legistar.com/View.ashx?M=A&ID=590982&GUID=97204BE5-8173-4515-8BEE-E0481B66A1C0,Agenda
422,Santa Clara,6/13/2018,Planning Commission,pdf,https://santaclara.legistar.com/View.ashx?M=M&ID=590982&GUID=97204BE5-8173-4515-8BEE-E0481B66A1C0,Minutes
423,Santa Clara,6/13/2018,City-School Liaison Committee,pdf,https://santaclara.legistar.com/View.ashx?M=A&ID=610809&GUID=BA309FE6-475C-41B0-BB0F-5F8F1BD68767,Agenda
424,Santa Clara,6/13/2018,City-School Liaison Committee,pdf,https://santaclara.legistar.com/View.ashx?M=M&ID=610809&GUID=BA309FE6-475C-41B0-BB0F-5F8F1BD68767,Minutes
425,Santa Clara,6/12/2018,Council and Authorities Concurrent Meeting,pdf,https://santaclara.legistar.com/View.ashx?M=A&ID=590766&GUID=FDCE5B89-F205-463D-A7AE-E4A59B24B124,Agenda
426,Santa Clara,6/12/2018,Council and Authorities Concurrent Meeting,pdf,https://santaclara.legistar.com/View.ashx?M=M&ID=590766&GUID=FDCE5B89-F205-463D-A7AE-E4A59B24B124,Minutes
427,Santa Clara,6/11/2018,Governance and Ethics Committee,pdf,https://santaclara.legistar.com/View.ashx?M=A&ID=602489&GUID=2A49863F-0182-451C-8E0A-83FDA2C7E80B,Agenda
428,Santa Clara,6/8/2018,Oversight Board Committee,pdf,https://santaclara.legistar.com/View.ashx?M=A&ID=610065&GUID=E7CA82C8-2D3F-4E4E-A049-6394FE164C49,Agenda
429,Santa Clara,6/8/2018,Oversight Board Committee,pdf,https://santaclara.legistar.com/View.ashx?M=M&ID=610065&GUID=E7CA82C8-2D3F-4E4E-A049-6394FE164C49,Minutes
430,Santa Clara,6/7/2018,Historical & Landmarks Commission,pdf,https://santaclara.legistar.com/View.ashx?M=A&ID=606191&GUID=9BA2DDCA-050B-462F-817C-7847F41885E9,Agenda
431,Santa Clara,6/7/2018,Historical & Landmarks Commission,pdf,https://santaclara.legistar.com/View.ashx?M=M&ID=606191&GUID=9BA2DDCA-050B-462F-817C-7847F41885E9,Minutes
432,Santa Clara,6/4/2018,Cultural Commission,pdf,https://santaclara.legistar.com/View.ashx?M=A&ID=609783&GUID=9E6C78AF-9763-41E1-A71C-C0F37B8E73FE,Agenda
433,Santa Clara,6/4/2018,Cultural Commission,pdf,https://santaclara.legistar.com/View.ashx?M=M&ID=609783&GUID=9E6C78AF-9763-41E1-A71C-C0F37B8E73FE,Minutes
434,Santa Clara,6/4/2018,Board of Library Trustees,pdf,https://santaclara.legistar.com/View.ashx?M=A&ID=604716&GUID=D429413E-757A-4A64-B485-FBF2C08A8F64,Agenda
435,Santa Clara,6/4/2018,Board of Library Trustees,pdf,https://santaclara.legistar.com/View.ashx?M=M&ID=604716&GUID=D429413E-757A-4A64-B485-FBF2C08A8F64,Minutes
436,Santa Clara,6/4/2018,Ethics Committee,pdf,https://santaclara.legistar.com/View.ashx?M=A&ID=609580&GUID=AE925FEC-DD91-4043-A357-59BBCF4AF34D,Agenda
437,Santa Clara,5/29/2018,Council and Authorities Concurrent Meeting,pdf,https://santaclara.legistar.com/View.ashx?M=A&ID=605865&GUID=041134F9-21F3-4177-82C5-1616B915616A,Agenda
438,Santa Clara,5/29/2018,Council and Authorities Concurrent Meeting,pdf,https://santaclara.legistar.com/View.ashx?M=M&ID=605865&GUID=041134F9-21F3-4177-82C5-1616B915616A,Minutes
439,Santa Clara,5/29/2018,Oversight Board Committee,pdf,https://santaclara.legistar.com/View.ashx?M=A&ID=608595&GUID=355C7300-8FE9-4EE5-B1EE-3FA85E5B8147,Agenda
440,Santa Clara,5/29/2018,Oversight Board Committee,pdf,https://santaclara.legistar.com/View.ashx?M=M&ID=608595&GUID=355C7300-8FE9-4EE5-B1EE-3FA85E5B8147,Minutes
441,Santa Clara,5/23/2018,Planning Commission,pdf,https://santaclara.legistar.com/View.ashx?M=A&ID=590981&GUID=D04A11B5-9FFB-40B0-8609-4435D66F94E0,Agenda
442,Santa Clara,5/23/2018,Planning Commission,pdf,https://santaclara.legistar.com/View.ashx?M=M&ID=590981&GUID=D04A11B5-9FFB-40B0-8609-4435D66F94E0,Minutes
443,Santa Clara,5/22/2018,Council and Authorities Concurrent Meeting,pdf,https://santaclara.legistar.com/View.ashx?M=A&ID=590763&GUID=4803C614-7650-496E-A305-678D9157527E,Agenda
444,Santa Clara,5/22/2018,Council and Authorities Concurrent Meeting,pdf,https://santaclara.legistar.com/View.ashx?M=M&ID=590763&GUID=4803C614-7650-496E-A305-678D9157527E,Minutes
445,Santa Clara,5/21/2018,Senior Advisory Commission,pdf,https://santaclara.legistar.com/View.ashx?M=A&ID=605756&GUID=7AA72920-DE01-4110-9F86-0301DE915175,Agenda
446,Santa Clara,5/21/2018,Senior Advisory Commission,pdf,https://santaclara.legistar.com/View.ashx?M=M&ID=605756&GUID=7AA72920-DE01-4110-9F86-0301DE915175,Minutes
447,Santa Clara,5/18/2018,Oversight Board Committee,pdf,https://santaclara.legistar.com/View.ashx?M=A&ID=607557&GUID=D217F014-168A-4956-BA4E-DAF954CA5E9E,Agenda
448,Santa Clara,5/18/2018,Oversight Board Committee,pdf,https://santaclara.legistar.com/View.ashx?M=M&ID=607557&GUID=D217F014-168A-4956-BA4E-DAF954CA5E9E,Minutes
449,Santa Clara,5/16/2018,Marketing Committee,pdf,https://santaclara.legistar.com/View.ashx?M=A&ID=607458&GUID=E3B2B16F-97D4-4EBF-991B-5DDDAAFF90E4,Agenda
450,Santa Clara,5/15/2018,Parks & Recreation Commission,pdf,https://santaclara.legistar.com/View.ashx?M=A&ID=605749&GUID=4A6FE984-02E6-4517-A792-FC83F376FE11,Agenda
451,Santa Clara,5/15/2018,Parks & Recreation Commission,pdf,https://santaclara.legistar.com/View.ashx?M=M&ID=605749&GUID=4A6FE984-02E6-4517-A792-FC83F376FE11,Minutes
452,Santa Clara,5/15/2018,Council and Authorities Concurrent Meeting,pdf,https://santaclara.legistar.com/View.ashx?M=A&ID=590762&GUID=7345DD24-E9C7-4728-84E7-A17F7942AD92,Agenda
453,Santa Clara,5/15/2018,Council and Authorities Concurrent Meeting,pdf,https://santaclara.legistar.com/View.ashx?M=M&ID=590762&GUID=7345DD24-E9C7-4728-84E7-A17F7942AD92,Minutes
454,Santa Clara,5/14/2018,Civil Service Commission,pdf,https://santaclara.legistar.com/View.ashx?M=A&ID=603158&GUID=6A7B2BFB-F41A-4B6F-9840-C67C7B9ADD91,Agenda
455,Santa Clara,5/14/2018,Civil Service Commission,pdf,https://santaclara.legistar.com/View.ashx?M=M&ID=603158&GUID=6A7B2BFB-F41A-4B6F-9840-C67C7B9ADD91,Minutes
456,Santa Clara,5/14/2018,Governance and Ethics Committee,pdf,https://santaclara.legistar.com/View.ashx?M=A&ID=607352&GUID=349125EE-3DAF-4FDA-A209-7E8FA941D9FE,Agenda
457,Santa Clara,5/9/2018,Planning Commission,pdf,https://santaclara.legistar.com/View.ashx?M=A&ID=590980&GUID=EED9B4DD-F146-4618-BE97-89A573A80DF6,Agenda
458,Santa Clara,5/9/2018,Planning Commission,pdf,https://santaclara.legistar.com/View.ashx?M=M&ID=590980&GUID=EED9B4DD-F146-4618-BE97-89A573A80DF6,Minutes
459,Santa Clara,5/9/2018,Cultural Commission,pdf,https://santaclara.legistar.com/View.ashx?M=A&ID=606171&GUID=319158A6-8BE1-4071-A9F9-329ED4ECD693,Agenda
460,Santa Clara,5/9/2018,Cultural Commission,pdf,https://santaclara.legistar.com/View.ashx?M=M&ID=606171&GUID=319158A6-8BE1-4071-A9F9-329ED4ECD693,Minutes
461,Santa Clara,5/8/2018,Youth Commission,pdf,https://santaclara.legistar.com/View.ashx?M=A&ID=605717&GUID=585990F6-863B-4648-A1A4-A2C60E80976E,Agenda
462,Santa Clara,5/8/2018,Youth Commission,pdf,https://santaclara.legistar.com/View.ashx?M=M&ID=605717&GUID=585990F6-863B-4648-A1A4-A2C60E80976E,Minutes
463,Santa Clara,5/8/2018,Council and Authorities Concurrent Meeting,pdf,https://santaclara.legistar.com/View.ashx?M=A&ID=590761&GUID=72B5645A-7871-4EA0-BB83-932AB7A2F6D4,Agenda
464,Santa Clara,5/8/2018,Council and Authorities Concurrent Meeting,pdf,https://santaclara.legistar.com/View.ashx?M=M&ID=590761&GUID=72B5645A-7871-4EA0-BB83-932AB7A2F6D4,Minutes
465,Santa Clara,5/7/2018,Board of Library Trustees,pdf,https://santaclara.legistar.com/View.ashx?M=A&ID=603866&GUID=5262E1AC-20AC-472C-947C-715F3FD4910F,Agenda
466,Santa Clara,5/7/2018,Board of Library Trustees,pdf,https://santaclara.legistar.com/View.ashx?M=M&ID=603866&GUID=5262E1AC-20AC-472C-947C-715F3FD4910F,Minutes
467,Santa Clara,5/7/2018,Ethics Committee,pdf,https://santaclara.legistar.com/View.ashx?M=A&ID=606468&GUID=E4B25079-29DC-48ED-A066-E2FBF6ADDDBA,Agenda
468,Santa Clara,5/3/2018,Senior Advisory Commission,pdf,https://santaclara.legistar.com/View.ashx?M=A&ID=605573&GUID=FC676803-1EB4-48D7-A37E-0E1BB07E0F0F,Agenda
469,Santa Clara,5/3/2018,Senior Advisory Commission,pdf,https://santaclara.legistar.com/View.ashx?M=M&ID=605573&GUID=FC676803-1EB4-48D7-A37E-0E1BB07E0F0F,Minutes
470,Santa Clara,4/25/2018,Planning Commission,pdf,https://santaclara.legistar.com/View.ashx?M=A&ID=590978&GUID=DC947F4B-BEFF-48B6-8121-458A333A4401,Agenda
471,Santa Clara,4/24/2018,Council and Authorities Concurrent Meeting,pdf,https://santaclara.legistar.com/View.ashx?M=A&ID=598850&GUID=5D61A132-A1CD-4EA1-A606-A0625BE03858,Agenda
472,Santa Clara,4/24/2018,Council and Authorities Concurrent Meeting,pdf,https://santaclara.legistar.com/View.ashx?M=M&ID=598850&GUID=5D61A132-A1CD-4EA1-A606-A0625BE03858,Minutes
473,Santa Clara,4/23/2018,Governance and Ethics Committee,pdf,https://santaclara.legistar.com/View.ashx?M=A&ID=600473&GUID=0E49593D-EE2A-4039-991B-DEABA83E5E54,Agenda
474,Santa Clara,4/20/2018,Oversight Board Committee,pdf,https://santaclara.legistar.com/View.ashx?M=A&ID=602411&GUID=F23B0099-CC46-4AD5-A40A-D79F8306D4BA,Agenda
475,Santa Clara,4/18/2018,Council and Authorities Concurrent Meeting,pdf,https://santaclara.legistar.com/View.ashx?M=A&ID=602796&GUID=73EA4B85-B4FC-48DE-88C8-8979A3B10947,Agenda
476,Santa Clara,4/18/2018,Council and Authorities Concurrent Meeting,pdf,https://santaclara.legistar.com/View.ashx?M=M&ID=602796&GUID=73EA4B85-B4FC-48DE-88C8-8979A3B10947,Minutes
477,Santa Clara,4/17/2018,Council and Authorities Concurrent Meeting,pdf,https://santaclara.legistar.com/View.ashx?M=A&ID=600034&GUID=1A639ED1-2B66-4917-812F-96A32ECEEB22,Agenda
478,Santa Clara,4/16/2018,Cultural Commission,pdf,https://santaclara.legistar.com/View.ashx?M=A&ID=602471&GUID=3514E39D-B666-4E62-ABEA-F113A0C52293,Agenda
479,Santa Clara,4/16/2018,Cultural Commission,pdf,https://santaclara.legistar.com/View.ashx?M=M&ID=602471&GUID=3514E39D-B666-4E62-ABEA-F113A0C52293,Minutes
480,Santa Clara,4/11/2018,Planning Commission,pdf,https://santaclara.legistar.com/View.ashx?M=A&ID=590979&GUID=2C4F6E93-26A2-4F5F-ADC9-FE7FB20A8999,Agenda
481,Santa Clara,4/11/2018,Planning Commission,pdf,https://santaclara.legistar.com/View.ashx?M=M&ID=590979&GUID=2C4F6E93-26A2-4F5F-ADC9-FE7FB20A8999,Minutes
482,Santa Clara,4/10/2018,Council and Authorities Concurrent Meeting,pdf,https://santaclara.legistar.com/View.ashx?M=A&ID=598874&GUID=24BF9822-C77B-4D11-A405-9C5EB8C6D4A9,Agenda
483,Santa Clara,4/10/2018,Council and Authorities Concurrent Meeting,pdf,https://santaclara.legistar.com/View.ashx?M=M&ID=598874&GUID=24BF9822-C77B-4D11-A405-9C5EB8C6D4A9,Minutes
484,Santa Clara,4/3/2018,Council and Authorities Concurrent Meeting,pdf,https://santaclara.legistar.com/View.ashx?M=A&ID=590753&GUID=BE360C2A-7097-485F-8B3B-951D139D9C26,Agenda
485,Santa Clara,4/3/2018,Council and Authorities Concurrent Meeting,pdf,https://santaclara.legistar.com/View.ashx?M=M&ID=590753&GUID=BE360C2A-7097-485F-8B3B-951D139D9C26,Minutes
486,Santa Clara,3/29/2018,Council and Authorities Concurrent Meeting,pdf,https://santaclara.legistar.com/View.ashx?M=A&ID=598978&GUID=EC4A4F4E-1A57-46B5-8A82-74305AF2566F,Agenda
487,Santa Clara,3/29/2018,Council and Authorities Concurrent Meeting,pdf,https://santaclara.legistar.com/View.ashx?M=M&ID=598978&GUID=EC4A4F4E-1A57-46B5-8A82-74305AF2566F,Minutes
488,Santa Clara,3/28/2018,Planning Commission,pdf,https://santaclara.legistar.com/View.ashx?M=A&ID=597197&GUID=CFD407A5-B007-4D82-A49F-5730A1056DAA,Agenda
489,Santa Clara,3/28/2018,Planning Commission,pdf,https://santaclara.legistar.com/View.ashx?M=M&ID=597197&GUID=CFD407A5-B007-4D82-A49F-5730A1056DAA,Minutes
490,Santa Clara,3/27/2018,Santa Clara Stadium Authority,pdf,https://santaclara.legistar.com/View.ashx?M=A&ID=590750&GUID=EA4D65D0-ED75-44FB-BFE7-7AD553E5BDC7,Agenda
491,Santa Clara,3/27/2018,Santa Clara Stadium Authority,pdf,https://santaclara.legistar.com/View.ashx?M=M&ID=590750&GUID=EA4D65D0-ED75-44FB-BFE7-7AD553E5BDC7,Minutes
492,Santa Clara,3/27/2018,Council and Authorities Concurrent Meeting,pdf,https://santaclara.legistar.com/View.ashx?M=A&ID=599261&GUID=87EB9AA3-6DBF-4F45-AF3C-E8898FE7801C,Agenda
493,Santa Clara,3/27/2018,Council and Authorities Concurrent Meeting,pdf,https://santaclara.legistar.com/View.ashx?M=M&ID=599261&GUID=87EB9AA3-6DBF-4F45-AF3C-E8898FE7801C,Minutes
494,Santa Clara,3/22/2018,Council and Authorities Concurrent Meeting,pdf,https://santaclara.legistar.com/View.ashx?M=A&ID=598873&GUID=49A7FCD8-6F87-448B-A763-2E7A572DAA18,Agenda
495,Santa Clara,3/22/2018,Council and Authorities Concurrent Meeting,pdf,https://santaclara.legistar.com/View.ashx?M=M&ID=598873&GUID=49A7FCD8-6F87-448B-A763-2E7A572DAA18,Minutes
496,Santa Clara,3/20/2018,Council and Authorities Concurrent Meeting,pdf,https://santaclara.legistar.com/View.ashx?M=A&ID=590746&GUID=9BCBA632-22CC-40C3-99E3-7B9300BF33C5,Agenda
497,Santa Clara,3/20/2018,Council and Authorities Concurrent Meeting,pdf,https://santaclara.legistar.com/View.ashx?M=M&ID=590746&GUID=9BCBA632-22CC-40C3-99E3-7B9300BF33C5,Minutes
498,Santa Clara,3/19/2018,Ad-Hoc Stadium Audit Committee,pdf,https://santaclara.legistar.com/View.ashx?M=A&ID=598688&GUID=DD946AFB-0D78-4E3D-8B3F-A14E060CDA73,Agenda
499,Santa Clara,3/14/2018,Planning Commission,pdf,https://santaclara.legistar.com/View.ashx?M=A&ID=598411&GUID=4FE2DDEC-DBDA-497F-B634-57384DE66C30,Agenda
500,Santa Clara,3/14/2018,Planning Commission,pdf,https://santaclara.legistar.com/View.ashx?M=M&ID=598411&GUID=4FE2DDEC-DBDA-497F-B634-57384DE66C30,Minutes
501,Santa Clara,3/13/2018,Santa Clara Stadium Authority,pdf,https://santaclara.legistar.com/View.ashx?M=A&ID=596113&GUID=14F9968B-6AA6-41F6-8FE7-DEA8A52B1DD3,Agenda
502,Santa Clara,3/13/2018,Santa Clara Stadium Authority,pdf,https://santaclara.legistar.com/View.ashx?M=M&ID=596113&GUID=14F9968B-6AA6-41F6-8FE7-DEA8A52B1DD3,Minutes
503,Santa Clara,3/6/2018,Council and Authorities Concurrent Meeting,pdf,https://santaclara.legistar.com/View.ashx?M=A&ID=590745&GUID=B436BFEF-5E56-4C5B-99AD-9F4EEDC696D2,Agenda
504,Santa Clara,3/6/2018,Council and Authorities Concurrent Meeting,pdf,https://santaclara.legistar.com/View.ashx?M=M&ID=590745&GUID=B436BFEF-5E56-4C5B-99AD-9F4EEDC696D2,Minutes
